company,region,houses_count,points,satisfaction_level,reliability_level,violations_level,global_id
АКЦИОНЕРНОЕ ОБЩЕСТВО «СТРОЙСЕРВИС»,Центральный ,2,84.17,110.0,94.0,99.96,2387463246
«РУСГОРОД»,Центральный ,1,84.17,110.0,100.0,99.92,2387463247
«ГОРОДСКАЯ СЛУЖБА ЭКСПЛУАТАЦИИ»,Центральный ,1,84.13,110.0,67.0,100.0,2387463248
«ПОЛЕТ-К»,Центральный ,1,84.12,110.0,62.0,100.0,2387463249
«АРСП»,Северо-Западный ,1,84.0,110.0,100.0,99.71,2387463250
«ДОМЕКС»,Юго-Западный ,2,84.0,109.92,50.0,99.88,2387463251
«УПРАВЛЯЮЩАЯ КОМПАНИЯ СИНТЕРРА»,Центральный ,1,84.0,110.0,61.0,99.73,2387463252
«УПРАВЛЯЮЩАЯ КОМПАНИЯ ЦАО»,Центральный ,1,84.0,110.0,50.0,99.78,2387463253
«ТЕХМЕД»,Центральный ,1,84.0,110.0,0.0,100.0,2387463254
«ПРОЕКТСПЕЦМОНОЛИТ»,Центральный ,2,84.0,110.0,50.0,99.75,2387463255
«АВРОРА ПЛЮС»,Центральный ,1,84.0,110.0,50.0,99.74,2387463256
«УЮТДОМСЕРВИС»,Центральный ,1,84.0,110.0,50.0,99.74,2387463257
«ЦЕНТР «ТЕХНОСТРОЙ»,"[Новомосковский , Троицкий ]",2,84.0,110.0,0.0,100.0,2387463258
«ТАМБОВСКАЯ СЕЛЬСКОХОЗЯЙСТВЕННАЯ КОМПАНИЯ»,Северо-Восточный ,1,83.97,110.0,50.0,99.67,2387463259
«АКВАНТ»,Северный ,1,83.93,110.0,16.0,99.74,2387463260
«УПРАВЛЯЮЩАЯ КОМПАНИЯ ПАТРИКИ»,Центральный ,2,83.92,110.0,50.0,99.56,2387463261
«УПРАВЛЕНИЕ КАПИТАЛЬНОГО РЕМОНТА И СТРОИТЕЛЬСТВА»,"[Западный , Центральный ]",3,83.9,110.0,38.0,99.56,2387463262
«УК ВОСТОК ГРУПП»,Северо-Западный ,4,83.89,109.45,64.0,99.96,2387463263
«ЦЕНТР СЕРВИСНОГО ОБСЛУЖИВАНИЯ ЭНТУЗИАСТ»,Восточный ,1,83.88,109.81,0.0,99.89,2387463264
«СЕВЕРЭКСПОСТРОЙ»,Северный ,9,83.85,110.0,100.0,99.12,2387463265
«ПТО СТРОЙТЯЖМАШКОМПЛЕКТ»,Центральный ,1,83.77,110.0,55.00000000000001,99.14,2387463266
«УК СЕВЕР»,Северный ,1,83.76,110.0,0.0,99.4,2387463267
«ФИРМА «ТЭМПЭРА»,Центральный ,1,83.71,110.0,50.0,99.0,2387463268
УПРАВЛЯЮЩАЯ КОМПАНИЯ «ЭТАЛОН СЕРВИС»,Центральный ,1,83.7,110.0,0.0,99.24,2387463269
«СОКО-МПХ»,Северный ,1,83.63,109.45,17.0,99.53,2387463270
«СТРОЙМЕДИА-М»,Юго-Западный ,1,83.41,110.0,0.0,98.52,2387463271
«ПЕРВАЯ ПРОФЕССИОНАЛЬНАЯ СЕРВИСНАЯ КОМПАНИЯ»,Центральный ,2,83.37,108.0,100.0,99.92,2387463272
«МАСТЕР-РЕМ»,Центральный ,20,83.36,108.72,50.0,99.43,2387463273
«ФОРТАЙД СЕРВИС»,Центральный ,2,83.34,108.0,88.0,99.9,2387463274
ДИРЕКЦИЯ ЭКСПЛУАТАЦИИ ЗДАНИЙ «ОТРАДНОЕ»,Центральный ,3,83.27,108.0,50.0,99.92,2387463275
«КУТУЗОВСКИЙ-ДК»,"[Западный , Центральный ]",9,83.26,108.0,50.0,99.9,2387463276
«УПРАВЛЯЮЩАЯ КОМПАНИЯ «КОМФОРТ СЕРВИС»,"[Новомосковский , Троицкий ]",64,83.26,110.0,0.0,98.16,2387463277
«КРАУН УПРАВЛЕНИЕ И ЭКСПЛУАТАЦИЯ»,Центральный ,2,83.25,108.0,50.0,99.87,2387463278
«ЛАКИСТРОЙТЕХНО»,Центральный ,13,83.23,108.51,50.0,99.31,2387463279
«УПРАВЛЯЮЩАЯ КОМПАНИЯ «СОЦБЫТ»,Западный ,6,83.2,108.0,50.0,99.74,2387463280
«ПРОФНОВАЦИИ»,"[Центральный , Южный ]",29,83.14,109.0,50.0,98.52,2387463281
«ОФИС-ДК»,"[Северный , Центральный , Юго-Восточный ]",13,83.12,108.0,50.0,99.54,2387463282
«УЛЬТРА-М»,"[Восточный , Северо-Западный , Новомосковский , Троицкий ]",47,83.11,107.61,50.0,99.93,2387463283
«УК НОЯБРЬ»,Восточный ,2,83.0,107.63,50.0,99.85,2387463284
«АРБАТ-СЕРВИС»,Центральный ,8,83.0,110.0,13.0,97.52,2387463285
«ЖИЛСТРОЙСЕРВИС»,Центральный ,18,83.0,109.2,50.0,98.0,2387463286
«ЖИЛИЩНИК 365»,"[Восточный , Северо-Восточный ]",16,82.98,107.36,82.0,99.67,2387463287
«ВОСХОД»,Восточный ,4,82.97,107.33,91.0,99.63,2387463288
«УК ЭТАЛОН ЭКСПРЕСС»,"[Северо-Восточный , Центральный ]",4,82.97,108.0,50.0,99.17,2387463289
«ДЕЛОВОЙ МИР»,"[Новомосковский , Троицкий ]",1,82.92,110.0,0.0,97.3,2387463290
«ЖИЛИЩНИК»,Южный ,26,82.86,108.24,50.0,98.67,2387463291
«ДОМОУПРАВЛЕНИЕ»,Восточный ,10,82.85,107.16,64.0,99.65,2387463292
«НЕГА»,Юго-Западный ,5,82.83,107.0,50.0,99.83,2387463294
ГОСУДАРСТВЕННОЕ БЮДЖЕТНОЕ УЧРЕЖДЕНИЕ ПО ЭКСПЛУАТАЦИИ ВЫСОТНЫХ АДМИНИСТРАТИВНЫХ И ЖИЛЫХ ДОМОВ,"[Восточный , Западный , Северный , Северо-Восточный , Северо-Западный , Центральный , Южный , Юго-Западный ]",282,82.76,107.0,50.0,99.65,2387463295
«РЕЛЕНА 2000»,Центральный ,13,82.65,109.16,98.0,96.96,2387463296
«ВОСТОК»,Восточный ,1,82.58,110.0,92.0,95.98,2387463297
«УПРАВЛЯЮЩАЯ КОМПАНИЯ РЕМОНТНО-ЭКСПЛУАТАЦИОННОЕ УПРАВЛЕНИЕ № 53»,Северный ,12,82.55,107.6,50.0,98.53,2387463298
«РЕМОНТНО-ЭКСПЛУАТАЦИОННОЕ ПРЕДПРИЯТИЕ -10»,Юго-Западный ,11,82.55,107.59,64.0,98.46,2387463299
«УПРАВЛЯЮЩАЯ КОМПАНИЯ «АЛЬКОР»,"[Новомосковский , Троицкий , Юго-Восточный ]",5,82.5,106.0,50.0,100.0,2387463300
«ТЕХНИКО ЭКСПЛУАТАЦИОННАЯ КОМПАНИЯ»,"[Западный , Центральный , Южный , Юго-Западный ]",16,82.49,106.0,50.0,99.98,2387463301
«ЖИЛИЩНИК ТАГАНСКОГО РАЙОНА»,Центральный ,362,82.48,107.76,49.0,98.21,2387463302
«СПЛАВ Т»,"[Северо-Западный , Южный , Юго-Западный ]",5,82.48,106.0,50.0,99.95,2387463303
«УПРАВЛЯЮЩАЯ КОМПАНИЯ «БАБУШКИНСКИЙ»,Северо-Восточный ,18,82.48,106.9,50.0,99.0,2387463304
«ЖИЛИЩНО-КОММУНАЛЬНЫЙ СЕРВИС»,"[Восточный , Юго-Восточный ]",6,82.48,106.0,50.0,99.94,2387463305
«ЭКСПЛУАТИРУЮЩАЯ КОМПАНИЯ «ГОРОДСКИЕ УСАДЬБЫ»,"[Восточный , Центральный ]",2,82.47,108.0,41.0,97.98,2387463306
«ЯРЬ»,Северо-Восточный ,1,82.46,108.0,0.0,98.14,2387463307
«АЛЬФАСИТИ»,"[Центральный , Юго-Восточный ]",4,82.43,106.0,40.0,99.88,2387463308
МУНИЦИПАЛЬНОЕ БЮДЖЕТНОЕ УЧРЕЖДЕНИЕ «ЖИЛИЩНИК МОСРЕНТГЕН»,"[Новомосковский , Троицкий ]",10,82.42,106.0,11.0,100.0,2387463309
«СОВРЕМЕННЫЕ КОММУНАЛЬНЫЕ СИСТЕМЫ»,Северо-Западный ,1,82.4,106.0,50.0,99.76,2387463310
«УПРАВЛЯЮЩАЯ КОМПАНИЯ ИЗУМРУДНЫЙ ГОРОД»,"[Восточный , Юго-Восточный ]",8,82.39,107.35,50.0,98.37,2387463311
«МКС ЮГО-ЗАПАД»,Юго-Западный ,1,82.38,106.0,50.0,99.69,2387463312
«АРБАТ-СЕРВИС« УПРАВЛЕНИЕ НЕДВИЖИМОСТЬЮ»,Восточный ,3,82.38,110.0,33.0,95.78,2387463314
«ЖИЛИЩНИК РАЙОНА СОКОЛ»,Северный ,200,82.37,107.32,100.0,98.1,2387463315
«УПРАВЛЯЮЩАЯ КОМПАНИЯ ПОБЕДА»,Юго-Восточный ,1,82.34,106.0,50.0,99.61,2387463316
«РЕМОНТНО-ЭКСПЛУАТАЦИОННОЕ УПРАВЛЕНИЕ 29 РАЙОНА ВОСТОЧНОЕ ИЗМАЙЛОВО»,Восточный ,42,82.33,106.31,50.0,99.26,2387463317
ОТКРЫТОЕ АКЦИОНЕРНОЕ ОБЩЕСТВО «РЕМОНТНО-ЭКСПЛУАТАЦИОННОЕ УПРАВЛЕНИЕ №20 РАЙОНА «СОКОЛИНАЯ ГОРА»,Восточный ,92,82.31,106.29,50.0,99.23,2387463318
«ЖИЛИЩНИК РАЙОНА ДОРОГОМИЛОВО»,Западный ,129,82.3,107.87,50.0,97.62,2387463319
УПРАВЛЯЮЩАЯ ОРГАНИЗАЦИЯ «БАЛТИЕЦ»,Северный ,4,82.3,108.0,50.0,97.5,2387463320
«КВАРТАЛ 51-52»,Восточный ,1,82.29,108.0,0.0,97.72,2387463321
«УПРАВЛЯЮЩАЯ КОМПАНИЯ «МУЛЬТИСТОРИ»,"[Новомосковский , Троицкий ]",1,82.27,106.0,0.0,99.68,2387463322
«УПРАВЛЯЮЩАЯ КОМПАНИЯ АВТОСТРОЙ ЖКХ»,"[Новомосковский , Троицкий ]",14,82.26,106.0,50.0,99.39,2387463323
ЗАКРЫТОЕ АКЦИОНЕРНОЕ ОБЩЕСТВО «МАСТЕР ОК»,Восточный ,60,82.25,106.1,42.0,99.32,2387463324
«ЖИЛИЩНИК ДАНИЛОВСКОГО РАЙОНА»,Южный ,334,82.24,106.47,50.0,98.89,2387463325
«УК НЕВЕРЛЕНД»,"[Новомосковский , Троицкий ]",13,82.23,108.0,50.0,97.33,2387463326
«ЖИЛИЩНИК РАЙОНА ЦАРИЦЫНО»,Южный ,336,82.17,106.2,49.0,98.97,2387463327
«ВСТ КОМ»,Юго-Восточный ,10,82.16,105.95,64.0,99.13,2387463328
«УПРАВЛЯЮЩАЯ КОМПАНИЯ «ПАРТНЕР»,Северо-Восточный ,51,82.12,105.59,48.0,99.48,2387463329
АКЦИОНЕРНОЕ ОБЩЕСТВО «РЕМОНТНО-ЭКСПЛУАТАЦИОННОЕ УПРАВЛЕНИЕ №24 РАЙОНА ИЗМАЙЛОВО»,Восточный ,173,82.1,105.48,50.0,99.52,2387463330
«УПРАВЛЯЮЩАЯ КОМПАНИЯ 1-ГО МИКРОРАЙОНА «УЮТНЫЙ ДОМ»,"[Новомосковский , Троицкий ]",42,82.1,106.0,46.0,99.0,2387463331
«УПРАВЛЯЮЩАЯ КОМПАНИЯ ТИМИРЯЗЕВСКАЯ»,Северный ,147,82.0,106.0,49.0,98.93,2387463332
ЗАКРЫТОЕ АКЦИОНЕРНОЕ ОБЩЕСТВО РЕМОНТНО-СТРОИТЕЛЬНАЯ ФИРМА «РЕМСТРОЙСЕРВИС»,Центральный ,63,82.0,107.63,49.0,97.31,2387463333
АКЦИОНЕРНОЕ ОБЩЕСТВО «КОММУНАЛЬНО-СТРОИТЕЛЬНОЕ УПРАВЛЕНИЕ МОСМЕТРОСТРОЯ»,Северо-Восточный ,1,82.0,106.0,0.0,99.16,2387463335
УПРАВЛЯЮЩАЯ ОРГАНИЗАЦИЯ «КУРЧАТОВСКИЙ»,Северо-Западный ,56,82.0,105.0,49.0,99.91,2387463336
«ЭЛИТСТРОЙ»,Восточный ,39,82.0,106.12,50.0,98.74,2387463337
АГЕНТСТВО «ТАЛИОН»,"[Новомосковский , Троицкий ]",48,82.0,106.0,48.0,98.83,2387463339
«УПРАВЛЯЮЩАЯ КОМПАНИЯ ТЕРРИТОРИАЛЬНАЯ РЕМОНТНО-ЭКСПЛУАТАЦИОННАЯ КОМПАНИЯ»,Центральный ,32,82.0,105.77,48.0,99.0,2387463340
«ВЕКТОР»,Центральный ,12,81.99,107.9,50.0,96.82,2387463342
«ЖИЛИЩНИК ПРЕСНЕНСКОГО РАЙОНА»,Центральный ,523,81.98,107.4,88.0,97.12,2387463344
«УПРАВЛЯЮЩАЯ КОМПАНИЯ «ПРЕОБРАЖЕНСКОЕ»,Восточный ,54,81.98,105.62,44.0,99.12,2387463345
«ЖИЛИЩНИК РАЙОНА НАГАТИНСКИЙ ЗАТОН»,Южный ,209,81.97,105.97,50.0,98.71,2387463346
«ЖИЛСТАНДАРТ»,Центральный ,65,81.95,105.3,50.0,99.33,2387463348
«ЖИЛИЩНИК РАЙОНА ТВЕРСКОЙ»,Центральный ,431,81.94,107.0,50.0,97.52,2387463350
«КОМПЛЕКСНОЕ ОБСЛУЖИВАНИЕ РАЙОНА»,Северо-Восточный ,32,81.94,104.88,50.0,99.72,2387463352
УПРАВЛЯЮЩАЯ КОМПАНИЯ «ОСТАФЬЕВО»,"[Новомосковский , Троицкий ]",49,81.88,108.0,0.0,96.69,2387463353
«УПРАВЛЕНИЕ МНОГОКВАРТИРНЫМИ ДОМАМИ»,Юго-Восточный ,25,81.85,104.69,50.0,99.68,2387463354
«ТРОИЦКЖИЛСЕРВИС»,"[Новомосковский , Троицкий ]",33,81.84,106.0,50.0,98.34,2387463355
«УПРАВЛЯЮЩАЯ КОМПАНИЯ ГОЛЬЯНОВО-ВОСТОК»,Восточный ,41,81.83,104.46,48.0,99.87,2387463356
«ЖИЛИЩНИК ВЫХИНО РАЙОНА «ВЫХИНО-ЖУЛЕБИНО»,Юго-Восточный ,193,81.82,105.98,49.0,98.32,2387463357
«ЗНАКОМЫЕ КВАРТАЛЫ»,"[Новомосковский , Троицкий ]",11,81.8,104.0,100.0,100.0,2387463358
«УПРАВЛЯЮЩАЯ КОМПАНИЯ «ГАРАНТ»,Центральный ,4,81.76,104.57,50.0,99.59,2387463359
«ПРОМИНЭКСПО»,Южный ,2,81.75,104.0,93.0,99.9,2387463360
«ЖИЛИЩНИК РАЙОНА ГОЛЬЯНОВО»,Восточный ,295,81.71,104.96,50.0,99.0,2387463361
«УПРАВЛЯЮЩАЯ КОМПАНИЯ КАПИТЕЛЬ»,Западный ,42,81.7,104.22,49.0,99.79,2387463363
«ТЕХКОМБЕЗОПАСНОСТЬ»,Центральный ,3,81.7,104.0,50.0,99.99,2387463364
«ЕВРОТРЭВЭЛ 1»,Северный ,62,81.69,105.47,50.0,98.51,2387463365
«КОНДОР-ГРУПП»,Юго-Западный ,3,81.69,104.0,50.0,99.98,2387463366
«ОЛИМП ЖКХ»,Северный ,3,81.69,105.91,50.0,98.0,2387463367
«ЖИЛИЩНИК РАЙОНА КОСИНО-УХТОМСКИЙ»,Восточный ,193,81.68,106.42,50.0,97.52,2387463368
«УПРАВЛЯЮЩАЯ КОМПАНИЯ «СТЕЛЛА»,"[Новомосковский , Троицкий ]",70,81.67,104.0,98.0,99.69,2387463369
«ЖИЛИЩНИК БАСМАННОГО РАЙОНА»,Центральный ,505,81.65,106.41,50.0,97.48,2387463371
«ЖИЛИЩНИК РАЙОНА БОГОРОДСКОЕ»,Восточный ,300,81.65,105.44,50.0,98.44,2387463372
«БАМОС ТРЕЙД»,Центральный ,34,81.64,106.72,50.0,97.12,2387463373
«УК КОМФОРТ»,Южный ,4,81.63,104.0,63.0,99.76,2387463374
«УК «ИМИДЖ КОМФОРТ»,Юго-Восточный ,5,81.62,103.82,48.0,100.0,2387463376
«КОМНАТСЕРВИС»,Южный ,1,81.62,106.0,0.0,98.0,2387463377
«ЖИЛИЩНИК РАЙОНА МОСКВОРЕЧЬЕ-САБУРОВО»,Южный ,116,81.61,106.11,50.0,97.66,2387463378
УПРАВЛЯЮЩАЯ КОМПАНИЯ «УНИВЕРСАЛЬНЫЙ СЕРВИС МЕРИДИАН»,"[Южный , Юго-Восточный ]",7,81.6,103.95,75.0,99.68,2387463379
«УПРАВЛЯЮЩАЯ КОМПАНИЯ «МУНИЦИПАЛЬНЫЕ ДОМА»,Юго-Восточный ,7,81.57,103.92,50.0,99.75,2387463380
«АБСОЛЮТ»,"[Новомосковский , Троицкий ]",2,81.56,104.0,0.0,99.91,2387463381
«ЖИЛИЩНИК РАЙОНА ХОРОШЕВО-МНЕВНИКИ»,Северо-Западный ,426,81.55,104.9,94.0,98.5,2387463382
«ЖИЛИЩНИК РАЙОНА ПЕРОВО»,Восточный ,529,81.55,105.0,50.0,98.55,2387463383
«КОМПАНИЯ «ВАНИ»,Южный ,4,81.55,103.79,50.0,99.83,2387463384
«ЖИЛИЩНИК РАЙОНА НОВОГИРЕЕВО»,Восточный ,285,81.54,105.0,48.0,98.52,2387463385
«ЖИЛИЩНИК РАЙОНА ЗАМОСКВОРЕЧЬЕ»,Центральный ,200,81.53,107.0,50.0,96.51,2387463386
«ЖИЛИЩНИК РАЙОНА ФИЛЕВСКИЙ ПАРК»,Западный ,228,81.52,105.0,72.0,98.39,2387463387
«УПРАВЛЯЮЩАЯ КОМПАНИЯ ЭКОЛОГИЧЕСКИЙ ФАКТОР»,Центральный ,85,81.52,106.12,49.0,97.44,2387463388
«ЖКХ КИЕВСКИЙ»,"[Новомосковский , Троицкий ]",30,81.52,106.0,47.0,97.57,2387463389
«АЛЕВ»,Северо-Восточный ,12,81.46,103.85,50.0,99.54,2387463390
«ЖИЛИЩНИК МОЖАЙСКОГО РАЙОНА»,Западный ,388,81.45,104.79,50.0,98.58,2387463391
«ИВУШКА»,Северный ,37,81.44,106.78,50.0,96.57,2387463392
УПРАВЛЯЮЩАЯ КОМПАНИЯ ДИРЕКЦИЯ ЭКСПЛУАТАЦИИ ЗДАНИЙ «БЕГОВАЯ»,Северный ,44,81.4,107.19,49.0,96.0,2387463393
«ОСТАФЬЕВО-ГРУПП»,"[Новомосковский , Троицкий ]",21,81.4,104.0,50.0,99.24,2387463394
«ЛАКИ БИЗНЕС»,Северный ,39,81.39,105.0,50.0,98.18,2387463395
«ЖИЛИЩНИК РАЙОНА АКАДЕМИЧЕСКИЙ»,Юго-Западный ,328,81.35,104.43,50.0,98.69,2387463396
«ЖИЛИЩНИК РАЙОНА ЗЮЗИНО»,Юго-Западный ,346,81.35,104.51,91.0,98.42,2387463397
«ЖИЛИЩНИК ХОРОШЕВСКОГО РАЙОНА»,Северный ,171,81.32,104.86,96.0,97.95,2387463398
«ЖИЛИЩНИК РАЙОНА СТРОГИНО»,Северо-Западный ,97,81.3,104.45,49.0,98.57,2387463399
«КВАДР-М»,Юго-Восточный ,17,81.29,103.31,50.0,99.66,2387463400
ГРУППА КОМПАНИЙ «ВАШЕ ПРАВО»,"[Новомосковский , Троицкий ]",21,81.29,104.0,50.0,98.98,2387463401
«УПРАВЛЯЮЩАЯ КОМПАНИЯ РЕСУРСЭНЕРГОПРОМ»,Северный ,11,81.29,104.11,50.0,98.86,2387463402
«ЖИЛИЩНИК РАЙОНА ЮЖНОЕ ТУШИНО»,Северо-Западный ,313,81.27,105.11,50.0,97.83,2387463403
«ЖИЛИЩНИК РАЙОНА ЛОМОНОСОВСКИЙ»,Юго-Западный ,157,81.26,104.41,50.0,98.49,2387463404
УПРАВЛЯЮЩАЯ КОМПАНИЯ «ПЕНТА»,Северо-Восточный ,2,81.25,103.29,50.0,99.57,2387463405
«ЖИЛИЩНИК РАЙОНА КУНЦЕВО»,Западный ,357,81.24,104.66,50.0,98.19,2387463406
«ЖИЛИЩНИК РАЙОНА ЧЕРТАНОВО ЮЖНОЕ»,Южный ,187,81.24,103.81,50.0,99.0,2387463407
«ЖИЛИЩНИК РАЙОНА БЕГОВОЙ»,Северный ,106,81.24,105.4,50.0,97.44,2387463408
«УК СТРОЙПРАКТИК»,Восточный ,22,81.24,103.17,48.0,99.69,2387463409
«ЖИЛИЩНИК РАЙОНА ХАМОВНИКИ»,Центральный ,277,81.22,106.76,50.0,96.0,2387463410
УПРАВЛЯЮЩАЯ КОМПАНИЯ ПРЕСНЕНСКОГО РАЙОНА,Центральный ,93,81.18,107.81,49.0,94.89,2387463411
«ЖИЛИЩНИК РАЙОНА НОВО-ПЕРЕДЕЛКИНО»,Западный ,118,81.17,103.67,49.0,99.0,2387463412
«ГРАНАТ»,Северо-Восточный ,40,81.17,105.94,89.0,96.54,2387463413
«ЖИЛИЩНИК МЕЩАНСКОГО РАЙОНА»,Центральный ,208,81.16,107.66,50.0,94.99,2387463414
УПРАВЛЯЮЩАЯ КОМПАНИЯ ДИРЕКЦИЯ ЭКСПЛУАТАЦИИ ЗДАНИЙ «ГОЛОВИНСКИЙ»,Северный ,48,81.13,104.93,50.0,97.65,2387463415
«ЖИЛИЩНИК РАЙОНА СОЛНЦЕВО»,Западный ,215,81.12,104.0,49.0,98.52,2387463416
УПРАВЛЯЮЩАЯ КОМПАНИЯ «СВИБЛОВ ГРАД»,Северо-Восточный ,116,81.1,103.65,50.0,98.86,2387463417
«ЖИЛИЩНИК ДОНСКОГО РАЙОНА»,Южный ,143,81.0,104.78,50.0,97.68,2387463418
«ЖИЛИЩНИК РАЙОНА РАМЕНКИ»,Западный ,205,81.0,103.35,87.0,98.89,2387463419
«ЖИЛИЩНИК РАЙОНА АРБАТ»,Центральный ,152,81.0,107.56,50.0,94.87,2387463420
«ЖИЛИЩНИК РАЙОНА ОРЕХОВО-БОРИСОВО ЮЖНОЕ»,Южный ,177,81.0,103.35,75.0,98.89,2387463421
«ДЕЗ ЛЕВОБЕРЕЖНЫЙ»,Северный ,89,81.0,103.95,49.0,98.42,2387463422
«ЖИЛИЩНИК РАЙОНА ХОВРИНО»,Северный ,176,81.0,103.3,50.0,99.0,2387463423
«ЖИЛИЩНИК РАЙОНА ЩУКИНО»,Северо-Западный ,298,81.0,104.84,50.0,97.47,2387463424
«СЕВЕР-СТРОЙ»,Северный ,80,81.0,104.41,50.0,97.91,2387463425
«ЖИЛИЩНИК РАЙОНА КОПТЕВО»,Северный ,141,81.0,103.82,50.0,98.42,2387463426
«УПРАВЛЯЮЩАЯ КОМПАНИЯ 24/7»,"[Новомосковский , Троицкий ]",1,81.0,102.0,100.0,100.0,2387463427
«ЖИЛИЩНИК РАЙОНА ПРЕОБРАЖЕНСКОЕ»,Восточный ,97,80.99,106.75,47.0,95.49,2387463428
«РЕМСПЕЦСЕРВИС-ЧН»,"[Южный , Юго-Восточный ]",38,80.99,102.59,97.0,99.41,2387463429
ПУБЛИЧНОЕ АКЦИОНЕРНОЕ ОБЩЕСТВО «ГАЗПРОМ»,Юго-Западный ,1,80.99,102.0,97.0,99.98,2387463430
«ЖС ФАСИЛИТИ МЕНЕДЖМЕНТ»,Центральный ,2,80.99,102.0,100.0,99.98,2387463431
«ЮНИОН»,Северо-Западный ,1,80.99,102.0,93.0,100.0,2387463432
«УПРАВЛЯЮЩАЯ КОМПАНИЯ «ЛОСИНКА»,Северо-Восточный ,28,80.98,103.55,46.0,98.66,2387463433
«ЖИЛИЩНИК РАЙОНА ЧЕРЕМУШКИ»,Юго-Западный ,288,80.97,103.45,49.0,98.73,2387463434
«УПРАВЛЯЮЩАЯ КОМПАНИЯ РЭУ-52 РАЙОНА СОКОЛЬНИКИ»,Восточный ,9,80.97,104.0,50.0,98.12,2387463435
«СОЛЯРИС СЕВЕРНОЕ БУТОВО»,Юго-Западный ,5,80.97,102.0,100.0,99.92,2387463436
«ВЕРТИКАЛЬ»,"[Новомосковский , Троицкий ]",1,80.97,102.0,93.0,99.95,2387463437
«НЕВСКИЙ-27»,Центральный ,1,80.97,102.0,99.0,99.94,2387463438
«ЖИЛИЩНИК РАЙОНА ЧЕРТАНОВО СЕВЕРНОЕ»,Южный ,73,80.96,103.74,50.0,98.4,2387463439
«ЖКХ-СЕВЕР»,Северный ,25,80.96,103.0,0.0,99.31,2387463440
«УПРАВЛЯЮЩАЯ КОМПАНИЯ «СЕРВИС-ГРУПП»,Центральный ,1,80.96,102.0,87.0,99.97,2387463441
«УПРАВЛЯЮЩАЯ КОМПАНИЯ «ПЛЮЩИХА»,Центральный ,1,80.95,102.0,88.0,99.94,2387463442
«ЖИЛИЩНИК БУТЫРСКОГО РАЙОНА»,Северо-Восточный ,190,80.94,103.97,50.0,98.14,2387463443
«ЖИЛИЩНО-ЭКСПЛУАТАЦИОННАЯ КОМПАНИЯ «КОМФОРТ»,"[Новомосковский , Троицкий ]",44,80.94,103.96,49.0,98.15,2387463444
«БЛОССОМ»,Юго-Западный ,2,80.94,102.0,76.0,99.97,2387463445
АКЦИОНЕРНОЕ ОБЩЕСТВО «ЭКСПЛУАТАЦИОННО-ТЕХНИЧЕСКАЯ КОМПАНИЯ № 1»,"[Западный , Центральный ]",3,80.94,102.0,98.0,99.87,2387463446
«КП-9-2»,Центральный ,1,80.94,102.0,100.0,99.84,2387463447
«ЖИЛИЩНИК РАЙОНА ЗАПАДНОЕ ДЕГУНИНО»,Северный ,82,80.93,104.13,50.0,97.94,2387463448
«УПРАВЛЯЮЩАЯ КОМПАНИЯ «ЖИЛЭКОФОНД»,Северо-Восточный ,1,80.93,102.0,86.0,99.9,2387463449
«УК СК»,Юго-Западный ,1,80.93,102.0,100.0,99.82,2387463450
«БАЗИС»,"[Западный , Центральный ]",23,80.92,102.0,100.0,99.79,2387463451
«РЕМОНТНО - ЭКСПЛУАТАЦИОННОЕ УПРАВЛЕНИЕ № 40 РАЙОНА «ИВАНОВСКОЕ»,Восточный ,47,80.92,103.0,50.0,99.0,2387463452
«ЖИЛИЩНИК РАЙОНА ИЗМАЙЛОВО»,Восточный ,181,80.91,103.93,50.0,98.11,2387463453
УК «ПЕРФЕКТ ЖКХ»,Северный ,57,80.91,104.21,50.0,97.82,2387463454
УПРАВЛЯЮЩАЯ КОМПАНИЯ «ТРИУМФ ПАЛАС»,Северный ,1,80.9,102.0,50.0,100.0,2387463455
«УПРАВЛЯЮЩАЯ КОМПАНИЯ СТОЛИЦА-СИТИ»,Западный ,1,80.9,102.0,50.0,99.99,2387463456
«УПРАВЛЯЮЩАЯ ОРГАНИЗАЦИЯ «ВАВИЛОВО»,Юго-Западный ,1,80.9,102.0,50.0,99.99,2387463457
«УК ГОРИЗОНТ»,Западный ,1,80.9,102.0,50.0,100.0,2387463458
УПРАВЛЯЮЩАЯ КОМПАНИЯ «ЛОГИСТИКА»,Центральный ,1,80.89,102.0,50.0,99.98,2387463459
«ЭКОИНВЕСТСТРОЙ»,Центральный ,1,80.89,102.0,50.0,99.98,2387463460
«СТЭП»,Центральный ,2,80.89,102.0,95.0,99.76,2387463461
«ЖИЛИЩНИК ОСТАНКИНСКОГО РАЙОНА»,Северо-Восточный ,160,80.88,103.71,50.0,98.23,2387463462
УПРАВЛЯЮЩАЯ КОМПАНИЯ «АЛЫЕ ПАРУСА»,Северо-Западный ,5,80.88,101.99,50.0,99.96,2387463463
«УПРАВЛЯЮЩАЯ КОМПАНИЯ «ФЕНИКС»,Северо-Восточный ,11,80.88,102.3,50.0,99.65,2387463464
«УПРАВЛЯЮЩАЯ КОМПАНИЯ «СИТИ»,Центральный ,1,80.88,102.0,50.0,99.96,2387463465
«СЕТИКО»,Юго-Западный ,1,80.88,102.0,50.0,99.95,2387463466
«МЕГАСИТИСЕРВИС»,Западный ,2,80.88,102.0,50.0,99.95,2387463467
ОТКРЫТОЕ АКЦИОНЕРНОЕ ОБЩЕСТВО «РЕМОНТНО-ЭКСПЛУАТАЦИОННОЕ ПРЕДПРИЯТИЕ №52 ЗАПАДНОГО АДМИНИСТРАТИВНОГО ОКРУГА»,Западный ,2,80.87,102.0,89.0,99.72,2387463468
«КВАРТАЛ»,Северный ,2,80.87,102.0,91.0,99.72,2387463469
«УПРАВЛЯЮЩАЯ КОМПАНИЯ «БОРОДИНО»,Западный ,2,80.87,102.0,50.0,99.93,2387463470
«ЭКСПЛУАТИРУЮЩАЯ ОРГАНИЗАЦИЯ - ДИРЕКЦИЯ ПО ЭКСПЛУАТАЦИИ ЗДАНИЙ»,Западный ,2,80.87,102.0,50.0,99.92,2387463471
«ЖИЛИЩНИК ЯРОСЛАВСКОГО РАЙОНА»,Северо-Восточный ,134,80.86,103.11,99.0,98.55,2387463472
«ФОРТЪ»,Западный ,6,80.86,102.0,50.0,99.89,2387463473
«ЭКСЖИЛСТРОЙ»,Центральный ,18,80.86,106.0,50.0,95.86,2387463474
АКЦИОНЕРНОЕ ОБЩЕСТВО «ДЕКРА-СТРОЙЭКСПЛУАТАЦИЯ»,Центральный ,2,80.86,102.0,50.0,99.9,2387463475
ГОСУДАРСТВЕННОЕ УНИТАРНОЕ ПРЕДПРИЯТИЕ ГОРОДА МОСКВЫ «ЦЕНТР УПРАВЛЕНИЯ ГОРОДСКИМ ИМУЩЕСТВОМ»,Центральный ,1,80.85,102.0,50.0,99.88,2387463476
«ЖИЛИЩНИК РАЙОНА ФИЛИ-ДАВЫДКОВО»,Западный ,286,80.84,104.7,50.0,97.16,2387463477
«КРОММ-ОФИС»,Северо-Восточный ,1,80.84,101.9,50.0,99.94,2387463478
«ВОЛХОНКА»,Западный ,1,80.84,102.0,50.0,99.84,2387463479
«ВЕЛЕС»,Центральный ,4,80.84,110.0,52.0,91.84,2387463480
«ЖИЛИЩНИК РАЙОНА БИРЮЛЕВО ВОСТОЧНОЕ»,Южный ,179,80.83,102.67,50.0,99.16,2387463481
АКЦИОНЕРНОЕ ОБЩЕСТВО «РЭУ 21 РАЙОНА ИЗМАЙЛОВО»,Восточный ,44,80.83,105.0,50.0,96.76,2387463482
«ФМ-ИНЖИНИРИНГ»,Центральный ,1,80.83,102.0,50.0,99.82,2387463483
«ЖИЛИЩНИК РАЙОНА НАГАТИНО-САДОВНИКИ»,Южный ,162,80.82,103.84,50.0,97.95,2387463484
«ЖИЛИЩНИК РАЙОНА МАРЬИНА РОЩА»,Северо-Восточный ,189,80.82,103.84,50.0,97.97,2387463485
«МС.СЕРВИС»,Северный ,6,80.82,102.0,50.0,99.81,2387463486
«АКВАГРАД»,Юго-Восточный ,4,80.82,102.0,50.0,99.8,2387463487
«СГ СЕРВИС»,Центральный ,1,80.82,102.0,50.0,99.79,2387463488
«РОМАНЦОВ СЕРВИС»,Центральный ,1,80.82,102.0,50.0,99.79,2387463489
«СЕРВИС»,Западный ,8,80.81,102.0,44.0,99.8,2387463490
«ВЫМПЕЛ-ЭК»,Восточный ,4,80.81,102.0,50.0,99.78,2387463491
«ЖИЛИЩНИК РАЙОНА СЕВЕРНОЕ ТУШИНО»,Северо-Западный ,253,80.8,103.42,50.0,98.33,2387463492
«ЖИЛИЩНИК САВЕЛОВСКОГО РАЙОНА»,Северный ,201,80.8,104.56,50.0,97.19,2387463493
«УПРАВЛЯЮЩАЯ КОМПАНИЯ «СТАБИЛЬНОСТЬ»,"[Новомосковский , Троицкий ]",32,80.8,106.0,94.0,95.54,2387463494
УПРАВЛЯЮЩАЯ КОМПАНИЯ «ЗАПАД СЕРВИС»,Западный ,5,80.8,102.0,50.0,99.76,2387463495
«ИНТОРГ»,Северо-Западный ,6,80.8,101.84,50.0,99.9,2387463496
«ОБЕРЕГ ЦЕНТР»,Западный ,1,80.8,102.0,50.0,99.76,2387463497
«ЖИЛИЩНИК ГАГАРИНСКОГО РАЙОНА»,Юго-Западный ,108,80.79,103.55,50.0,98.17,2387463498
ФИРМА «АСКЕТ»,Юго-Западный ,6,80.79,102.0,50.0,99.73,2387463499
«ЖИЛИЩНИК ЗЕЛЕНОГРАДСКОГО АДМИНИСТРАТИВНОГО ОКРУГА»,Зеленоградский ,485,80.77,102.61,50.0,99.0,2387463500
«ОРБИТА-ХОЛДИНГ»,Северный ,28,80.77,104.48,50.0,97.2,2387463501
«НОВАТОР»,"[Центральный , Юго-Западный ]",5,80.77,102.0,50.0,99.67,2387463502
УПРАВЛЯЮЩАЯ КОМПАНИЯ «ДОМА МОСКВЫ»,Восточный ,4,80.75,109.84,50.0,91.78,2387463503
«ЖИЛИЩНИК АЛЕКСЕЕВСКОГО РАЙОНА»,Северо-Восточный ,205,80.74,103.64,50.0,97.95,2387463504
«ЖИЛИЩНИК РАЙОНА ПЕЧАТНИКИ»,Юго-Восточный ,228,80.74,103.63,50.0,97.97,2387463505
«УК БЛИЖНИЕ ДАЧИ»,Западный ,5,80.74,102.0,75.0,99.47,2387463506
УК «ЮТА»,Северный ,40,80.73,103.78,50.0,97.79,2387463507
«ЖИЛИЩНИК РАЙОНА ЯКИМАНКА»,Центральный ,96,80.72,106.91,98.0,94.41,2387463508
«ЖИЛИЩНИК ГОЛОВИНСКОГО РАЙОНА»,Северный ,73,80.72,103.0,74.0,98.38,2387463509
«УПРАВЛЯЮЩАЯ КОМПАНИЯ «ЖИЛИЩНИК»,Западный ,4,80.72,101.65,50.0,99.89,2387463510
«УПРАВЛЯЮЩАЯ КОМПАНИЯ «АКМА»,Северный ,1,80.71,102.0,50.0,99.53,2387463511
«ОРИОН ГРУПП»,Юго-Западный ,1,80.7,102.0,50.0,99.5,2387463512
«ЖИЛИЩНИК РАЙОНА ОРЕХОВО-БОРИСОВО СЕВЕРНОЕ»,Южный ,113,80.69,102.68,50.0,98.79,2387463513
АКЦИОНЕРНОЕ ОБЩЕСТВО «ТРОИЦКАЯ КОММУНАЛЬНАЯ СЛУЖБА»,"[Новомосковский , Троицкий ]",31,80.69,101.99,100.0,99.24,2387463514
МУНИЦИПАЛЬНОЕ БЮДЖЕТНОЕ УЧРЕЖДЕНИЕ «ГОРОДСКОЕ БЛАГОУСТРОЙСТВО»,"[Новомосковский , Троицкий ]",6,80.68,102.0,66.0,99.38,2387463515
«СЕРЕБРЯНЫЙ КВАРТЕТ-3»,"[Северо-Западный , Юго-Западный ]",4,80.68,101.94,50.0,99.51,2387463516
«БЫТ И КОМФОРТ»,Юго-Восточный ,2,80.68,101.92,100.0,99.27,2387463517
УПРАВЛЯЮЩАЯ КОМПАНИЯ ФИРМЫ «МЕМ»,Центральный ,1,80.68,102.0,50.0,99.46,2387463518
«ЖИЛИЩНИК РАЙОНА ТЕКСТИЛЬЩИКИ»,Юго-Восточный ,291,80.67,103.73,50.0,97.71,2387463519
«ЖИЛИЩНИК РАЙОНА ОЧАКОВО-МАТВЕЕВСКОЕ»,Западный ,207,80.67,104.0,50.0,97.39,2387463520
УПРАВЛЯЮЩАЯ КОМПАНИЯ «УПРАВДОМ-КУЗЬМИНКИ»,Юго-Восточный ,30,80.66,102.69,100.0,98.46,2387463521
«ЖИЛИЩНИК АЛТУФЬЕВСКОГО РАЙОНА»,Северо-Восточный ,113,80.64,103.26,75.0,97.97,2387463522
«ЖИЛИЩНИК РАЙОНА КУРКИНО»,Северо-Западный ,12,80.64,102.72,50.0,98.63,2387463523
«ПРОГРЕСС +»,Северо-Восточный ,2,80.64,101.69,50.0,99.66,2387463524
УК «ГАЛАКТИКА»,Северный ,37,80.63,103.59,50.0,97.75,2387463525
«Б. ТИШИНСКИЙ-10»,Центральный ,1,80.63,102.0,50.0,99.33,2387463526
«3 СМ»,Северный ,28,80.62,103.28,44.0,98.0,2387463527
«КОМПАНИЯ «РЕМСТРОЙСЕРВИС»,Юго-Западный ,3,80.61,102.0,50.0,99.27,2387463528
«СЕРВИСГРАД»,"[Западный , Зеленоградский , Северный , Северо-Восточный , Центральный , Южный , Юго-Восточный , Юго-Западный ]",54,80.6,101.7,49.0,99.56,2387463529
АКЦИОНЕРНОЕ ОБЩЕСТВО «ЖИЛЦЕНТР СК»,"[Западный , Юго-Восточный ]",19,80.6,101.71,50.0,99.53,2387463530
«ВИКСЕР»,"[Центральный , Юго-Восточный ]",11,80.6,102.0,50.0,99.25,2387463531
«МОСДОМ»,"[Восточный , Северный ]",4,80.6,101.49,50.0,99.76,2387463532
"«ЭКСПЛУАТАЦИЯ, ТЕХОБСЛУЖИВАНИЕ, ЮРИДИЧЕСКАЯ ДЕЯТЕЛЬНОСТЬ»",Западный ,1,80.6,101.0,100.0,99.93,2387463533
«КАТТЛЕЯ»,"[Новомосковский , Троицкий ]",4,80.59,102.0,25.0,99.35,2387463534
ЗАКРЫТОЕ АКЦИОНЕРНОЕ ОБЩЕСТВО «ЭКСПЛУАТАЦИОННАЯ КОМПАНИЯ ТСЖ»,"[Южный , Юго-Восточный ]",7,80.58,102.0,50.0,99.19,2387463535
«УПРАВЛЯЮЩАЯ КОМПАНИЯ «ШИШКИН ЛЕС»,"[Новомосковский , Троицкий ]",97,80.57,104.0,51.0,97.18,2387463536
УПРАВЛЯЮЩАЯ КОМПАНИЯ «ГОРОД-ПАРК»,Южный ,2,80.57,102.0,50.0,99.17,2387463537
«ЖИЛИЩНИК РАЙОНА ЗЯБЛИКОВО»,Южный ,124,80.56,102.25,75.0,98.78,2387463538
«УПРАВЛЯЮЩАЯ КОМПАНИЯ КУЗЬМИНКИ»,Юго-Восточный ,45,80.56,103.7,100.0,97.2,2387463539
«СКС УПРАВЛЯЮЩАЯ КОМПАНИЯ»,Северо-Западный ,58,80.54,103.0,50.0,98.0,2387463540
«ЖИЛИЩНИК РАЙОНА ЯСЕНЕВО»,Юго-Западный ,128,80.53,102.2,48.0,98.88,2387463541
«УПРАВЛЯЮЩАЯ КОМПАНИЯ «КРАСНОЕ СЕЛО»,Центральный ,3,80.52,109.77,50.0,91.27,2387463542
«АКВА-ХОЛДИНГ»,Юго-Восточный ,35,80.51,101.15,50.0,99.89,2387463543
«УК «УЮТНЫЙ ДОМ-М»,"[Центральный , Южный , Юго-Восточный ]",24,80.51,101.93,95.0,98.87,2387463544
ОТКРЫТОЕ АКЦИОНЕРНОЕ ОБЩЕСТВО «РЕМОНТНО-ЭКСПЛУАТАЦИОННОЕ УПРАВЛЕНИЕ №56 РАЙОНА ВОСТОЧНЫЙ»,Восточный ,7,80.51,103.82,50.0,97.2,2387463545
«ДИРЕКЦИЯ ЕДИНОГО ЗАКАЗЧИКА РАЙОНА ВЫХИНО»,Юго-Восточный ,130,80.5,102.74,50.0,98.26,2387463546
«УПРАВЛЯЮЩАЯ КОМПАНИЯ ЩЕРБИНКА»,"[Новомосковский , Троицкий ]",2,80.5,102.0,64.0,98.94,2387463547
«ЖИЛИЩНИК РАЙОНА ВОСТОЧНОЕ ИЗМАЙЛОВО»,Восточный ,179,80.49,104.53,49.0,96.44,2387463548
«ЖИЛИЩНИК РАЙОНА НОВОКОСИНО»,Восточный ,167,80.48,102.2,50.0,98.75,2387463549
«ЖИЛИЩНИК РАЙОНА СОКОЛЬНИКИ»,Восточный ,140,80.48,104.8,100.0,95.89,2387463550
МУНИЦИПАЛЬНОЕ БЮДЖЕТНОЕ УЧРЕЖДЕНИЕ ПО СОДЕРЖАНИЮ И РЕМОНТУ ДОРОГ МЕСТНОГО ЗНАЧЕНИЯ И БЛАГОУСТРОЙСТВУ ГОРОДСКОГО ОКРУГА «ДОРОЖНОЕ ХОЗЯЙСТВО И БЛАГОУСТРОЙСТВО»,"[Новомосковский , Троицкий ]",11,80.47,104.0,50.0,96.92,2387463551
«ЖИЛИЩНИК РАЙОНА МИТИНО»,Северо-Западный ,203,80.46,102.14,50.0,98.76,2387463552
УПРАВЛЯЮЩАЯ КОМПАНИЯ «СВИТХОМ»,"[Западный , Новомосковский , Троицкий , Южный , Юго-Западный ]",44,80.46,101.43,50.0,99.46,2387463553
«ЖИЛИЩНИК ТИМИРЯЗЕВСКОГО РАЙОНА»,Северный ,102,80.46,103.86,49.0,97.0,2387463554
«ЖИЛИЩНИК РАЙОНА ЛИАНОЗОВО»,Северо-Восточный ,123,80.45,102.15,50.0,98.71,2387463555
«УПРАВЛЯЮЩАЯ КОМПАНИЯ РЭУ-16»,Северный ,30,80.45,104.38,50.0,96.49,2387463556
«ВИСКАН»,Северный ,8,80.45,101.18,50.0,99.69,2387463557
«ТЭЗИС»,Северо-Восточный ,3,80.45,101.13,50.0,99.73,2387463558
«УПРАВЛЯЮЩАЯ КОМПАНИЯ ЖИЛИЩНО-КОММУНАЛЬНОГО ХОЗЯЙСТВА «ИСПОЛИН»,Восточный ,19,80.45,105.36,100.0,95.26,2387463559
«ЖИЛИЩНИК РАЙОНА ТЕПЛЫЙ СТАН»,Юго-Западный ,123,80.44,102.4,49.0,98.44,2387463560
«ЖИЛИЩНИК НАГОРНОГО РАЙОНА»,Южный ,193,80.43,103.61,50.0,97.22,2387463561
УПРАВЛЯЮЩАЯ КОМПАНИЯ «ДЭЗ ОТРАДНОЕ»,Северо-Восточный ,25,80.43,101.26,50.0,99.55,2387463562
«ЖИЛИЩНИК РАЙОНА БИБИРЕВО»,Северо-Восточный ,181,80.41,101.76,50.0,99.0,2387463563
«ЖИЛИЩНИК ИВАНОВСКОГО РАЙОНА»,Восточный ,176,80.41,102.32,50.0,98.45,2387463564
«ЛИМК»,Северный ,86,80.41,102.6,50.0,98.18,2387463565
«ЖИЛСЕРВИС-КУЗЬМИНКИ»,Юго-Восточный ,23,80.41,102.32,100.0,98.2,2387463566
«ЖИЛИЩНИК ЛОСИНООСТРОВСКОГО РАЙОНА»,Северо-Восточный ,170,80.4,102.48,50.0,98.28,2387463567
«ЖИЛИЩНИК РАЙОНА СОКОЛИНАЯ ГОРА»,Восточный ,65,80.4,103.56,48.0,97.19,2387463568
«УПРАВЛЯЮЩАЯ КОМПАНИЯ «ЯРОСЛАВСКИЙ»,Северо-Восточный ,31,80.4,102.75,0.0,98.25,2387463569
«ЖИЛИЩНИК РАЙОНА КОНЬКОВО»,Юго-Западный ,209,80.36,101.59,74.0,98.95,2387463570
«АРГУС»,"[Новомосковский , Троицкий ]",73,80.34,101.96,50.0,98.63,2387463571
«СТРОЙКА»,Северный ,49,80.34,103.39,50.0,97.2,2387463572
«СТРОИТЕЛЬНО - ЭКСПЛУАТАЦИОННОЕ УПРАВЛЕНИЕ «ФУНДАМЕНТСТРОЙ - 6»,"[Северный , Северо-Западный , Центральный , Южный ]",60,80.33,101.37,50.0,99.21,2387463573
«РЕМОНТНО-СТРОИТЕЛЬНОЕ УПРАВЛЕНИЕ №2 САО»,Северный ,48,80.33,102.4,50.0,98.17,2387463574
«АРТИНЖСТРОЙ»,Южный ,3,80.33,101.61,50.0,98.96,2387463575
«УК МЕЩАНСКАЯ СЛОБОДА»,Центральный ,8,80.33,106.46,50.0,94.11,2387463576
«ЖИЛИЩНИК РАЙОНА ОТРАДНОЕ»,Северо-Восточный ,224,80.32,101.72,50.0,98.83,2387463577
«УПРАВЛЯЮЩАЯ КОМПАНИЯ ЛАД»,Центральный ,2,80.32,102.0,46.0,98.56,2387463578
«ЖИЛИЩНИК РАЙОНА ВЕШНЯКИ»,Восточный ,146,80.31,102.22,50.0,98.3,2387463579
«ЖИЛИЩНИК РАЙОНА ПОКРОВСКОЕ-СТРЕШНЕВО»,Северо-Западный ,192,80.3,103.83,50.0,96.67,2387463580
АКЦИОНЕРНОЕ ОБЩЕСТВО «УПРАВЛЯЮЩАЯ КОМПАНИЯ «ГОРОДСКАЯ»,"[Южный , Юго-Восточный ]",55,80.29,101.59,100.0,98.63,2387463581
«1802-НАШ ДОМ»,Зеленоградский ,1,80.29,102.0,50.0,98.48,2387463582
«ЖИЛИЩНИК КРАСНОСЕЛЬСКОГО РАЙОНА»,Центральный ,179,80.28,106.31,49.0,94.15,2387463583
«АВИЛОН-М»,Юго-Западный ,56,80.26,102.0,49.0,98.36,2387463584
ОТКРЫТОЕ АКЦИОНЕРНОЕ ОБЩЕСТВО «РЕМОНТНО-ЭКСПЛУАТАЦИОННОЕ УПРАВЛЕНИЕ № 22 РАЙОНА ИЗМАЙЛОВО»,Восточный ,50,80.26,103.69,50.0,96.7,2387463585
«УПРАВЛЯЮЩАЯ КОМПАНИЯ-10 ПРЕСНЕНСКОГО РАЙОНА»,Центральный ,47,80.25,104.44,49.0,95.95,2387463586
«ЖИЛИЩНИК РАЙОНА МАРФИНО»,Северо-Восточный ,122,80.24,103.8,50.0,96.54,2387463587
«ЖИЛИЩНИК РАЙОНА МЕТРОГОРОДОК»,Восточный ,137,80.2,104.42,50.0,95.82,2387463588
«АТМОСФЕРА УЮТА»,Западный ,1,80.2,100.0,100.0,100.0,2387463589
«МАТОРИН - УПРАВЛЕНИЕ ЖИЛОЙ НЕДВИЖИМОСТЬЮ»,Западный ,3,80.19,100.0,100.0,99.97,2387463590
«ЭКСПЛУАТАЦИОННО-УПРАВЛЯЮЩАЯ КОМПАНИЯ «КОМФОРТНАЯ СРЕДА»,Восточный ,4,80.19,100.0,99.0,99.99,2387463591
«ЖИЛИЩНО-КОММУНАЛЬНОЕ УПРАВЛЕНИЕ «ПЛЮС»,Юго-Западный ,6,80.19,100.0,100.0,99.98,2387463592
«ЖИЛИЩНИК РЯЗАНСКОГО РАЙОНА»,Юго-Восточный ,286,80.18,102.69,50.0,97.51,2387463593
«УПРАВЛЯЮЩАЯ КОМПАНИЯ ВЕРДЕКАСА»,Юго-Западный ,4,80.18,100.0,94.0,99.97,2387463594
«ЭКСПЛУАТАЦИОННО-УПРАВЛЯЮЩАЯ КОМПАНИЯ « ЖИЛЫЕ КВАРТАЛЫ»,"[Северо-Западный , Южный , Юго-Западный ]",3,80.18,100.0,95.0,99.98,2387463595
«УПРАВЛЯЮЩАЯ КОМПАНИЯ «ИНВЕСТ ВЕКТОР»,Северный ,1,80.18,100.0,88.0,100.0,2387463596
«УПРАВЛЯЮЩАЯ КОМПАНИЯ «МЕТРОПОЛИЯ»,Юго-Восточный ,7,80.18,100.0,88.0,100.0,2387463597
«РЭУ МЖК «ЗЕЛЕНОГРАД»,Зеленоградский ,1,80.18,100.0,100.0,99.95,2387463598
«СЕЛЕНА»,Юго-Западный ,2,80.18,100.0,95.0,99.98,2387463599
«ЮИТ-СЕРВИС»,"[Северный , Южный ]",2,80.18,100.0,100.0,99.96,2387463600
«УПРАВЛЯЮЩАЯ КОМПАНИЯ ОБЪЕКТ»,"[Северный , Юго-Восточный ]",2,80.17,100.0,90.0,99.98,2387463601
«УПРАВЛЯЮЩАЯ КОМПАНИЯ «МОСКОМПЛЕКС»,"[Западный , Юго-Западный ]",2,80.17,100.0,93.0,99.97,2387463602
«УПРАВЛЯЮЩАЯ КОМПАНИЯ «БОРИСОГЛЕБСКОЕ»,"[Новомосковский , Троицкий ]",4,80.17,100.0,84.0,100.0,2387463603
«ЖИЛИЩНИК РАЙОНА ЧЕРТАНОВО ЦЕНТРАЛЬНОЕ»,Южный ,121,80.15,102.1,50.0,98.0,2387463604
«СТЕЙТ»,Юго-Восточный ,1,80.15,100.0,100.0,99.87,2387463605
«КОНТИНЕНТАЛЬ СЕРВИС»,Северо-Западный ,7,80.14,100.0,100.0,99.86,2387463606
«УПРАВЛЯЮЩАЯ КОМПАНИЯ «КВАРТАЛЫ НОВОЙ РИГИ»,Северо-Западный ,2,80.13,100.0,69.0,99.98,2387463607
«ПИК-КОМФОРТ»,"[Восточный , Западный , Зеленоградский , Северный , Северо-Восточный , Новомосковский , Троицкий , Центральный , Южный , Юго-Восточный , Юго-Западный ]",537,80.11,100.71,48.0,99.33,2387463608
«ФЛЭТ И КО»,"[Западный , Северо-Восточный , Северо-Западный , Юго-Восточный , Юго-Западный ]",9,80.11,99.93,92.0,99.89,2387463609
«ЖИЛИЩНИК РАЙОНА ЛЮБЛИНО»,Юго-Восточный ,421,80.1,101.43,75.0,98.45,2387463610
УК «АРГОНАВТО»,Северный ,55,80.1,102.27,93.0,97.52,2387463611
УПРАВЛЯЮЩАЯ КОМПАНИЯ «ЭГО-КОМФОРТ»,"[Северо-Восточный , Центральный ]",4,80.1,100.0,50.0,99.99,2387463612
«УПРАВЛЯЮЩАЯ КОМПАНИЯ «ЛИЦА»,Северный ,2,80.1,100.0,50.0,99.99,2387463614
«УПРАВЛЯЮЩАЯ КОМПАНИЯ ГОРОДСКИЕ УСАДЬБЫ-ЮГ»,"[Восточный , Северный ]",2,80.1,100.0,50.0,100.0,2387463615
«СКАЙ МЕНЕДЖМЕНТ»,Западный ,1,80.1,100.0,50.0,99.99,2387463616
«СИТИ МЕНЕДЖМЕНТ»,"[Северный , Юго-Западный ]",2,80.1,100.0,50.0,99.99,2387463617
«СТАНДАРТ ЭКСПЛУАТАЦИЯ»,Юго-Западный ,4,80.1,100.0,50.0,99.99,2387463618
«УПРАВЛЯЮЩАЯ КОМПАНИЯ «ЛЕГЕНДА ЦВЕТНОГО»,Центральный ,1,80.1,100.0,50.0,99.99,2387463619
«Р7 РЕЗИДЕНС»,Центральный ,8,80.1,100.0,50.0,99.99,2387463621
«ОНИКС»,Юго-Западный ,1,80.1,100.0,50.0,100.0,2387463622
«СМАРТ СИМВОЛ»,Юго-Восточный ,4,80.1,100.0,50.0,100.0,2387463623
«СМАРТ РАМЕНКИ»,Западный ,2,80.1,100.0,50.0,100.0,2387463624
«УПРАВЛЯЮЩАЯ КОМПАНИЯ «МЕРКУРИЙ-ПОКРОВСКОЕ»,Северо-Западный ,1,80.1,100.0,50.0,100.0,2387463625
«ЛАЙФ-ВАРШАВСКАЯ»,Южный ,3,80.1,100.0,50.0,100.0,2387463626
МУНИЦИПАЛЬНОЕ БЮДЖЕТНОЕ УЧРЕЖДЕНИЕ «ЖИЛИЩНИК МОСКОВСКИЙ»,"[Новомосковский , Троицкий ]",4,80.1,100.0,50.0,100.0,2387463627
«УПРАВЛЯЮЩАЯ КОМПАНИЯ «ТАЛИСМАН»,Северный ,1,80.1,100.0,50.0,100.0,2387463628
«УПРАВЛЯЮЩАЯ КОМПАНИЯ ЯУЗА ПАРК»,Восточный ,1,80.1,100.0,50.0,100.0,2387463629
«УПРАВЛЯЮЩАЯ КОМПАНИЯ «МЕДНЫЙ 3.14»,Центральный ,1,80.1,100.0,50.0,100.0,2387463630
«РД РЕЗИДЕНЦИЯ»,Южный ,1,80.1,100.0,50.0,100.0,2387463631
«ПРАЙМ ПАРК МЕНЕДЖМЕНТ»,Северный ,3,80.0,100.0,50.0,99.97,2387463632
«УПРАВЛЯЮЩАЯ КОМПАНИЯ ГРИНАДА»,Юго-Западный ,5,80.0,100.0,50.0,99.98,2387463633
«ПРЕМЬЕР-КОМФОРТ»,Северный ,2,80.0,100.0,50.0,99.98,2387463634
«АВТОМОБИЛЬНЫЕ ДОРОГИ ТРОИЦКОГО И НОВОМОСКОВСКОГО АДМИНИСТРАТИВНЫХ ОКРУГОВ ГОРОДА МОСКВЫ»,"[Новомосковский , Троицкий ]",9,80.0,100.0,71.0,99.87,2387463635
«УПРАВЛЯЮЩАЯ КОМПАНИЯ ГОРОДСКИЕ УСАДЬБЫ-ЦЕНТР»,"[Западный , Северный , Центральный ]",6,80.0,100.0,50.0,99.97,2387463636
«СЛУЖБА КОМФОРТА СМАЙНЭКС»,Центральный ,3,80.0,100.0,50.0,99.98,2387463637
«ПРИМА-МЕХ ЭКСПЛУАТАЦИЯ»,Восточный ,4,80.0,100.0,50.0,99.97,2387463638
ДЭЗ «СОДРУЖЕСТВО»,Юго-Западный ,4,80.0,100.0,50.0,99.98,2387463639
«ШАТЕР МЕНЕДЖМЕНТ»,"[Северный , Центральный ]",2,80.0,100.0,50.0,99.98,2387463640
«УПРАВЛЯЮЩАЯ КОМПАНИЯ СЕРВИС 24»,Северо-Восточный ,1,80.0,99.97,50.0,100.0,2387463641
«ЭЛЬПРО»,Юго-Западный ,1,80.0,100.0,50.0,99.97,2387463642
«СТЕЙТ СЕРВИС»,Центральный ,1,80.0,100.0,50.0,99.97,2387463643
«ЛАЙФ ЭКСПЛУАТАЦИЯ»,Северо-Западный ,1,80.0,100.0,50.0,99.97,2387463644
«ПИРС ФАСИЛИТИ МЕНЕДЖМЕНТ»,Южный ,2,80.0,100.0,50.0,99.97,2387463646
«УПРАВЛЯЮЩАЯ КОМПАНИЯ «ВОРОБЬЕВ ДОМ»,Западный ,1,80.0,100.0,50.0,99.97,2387463647
«ЖИЛИЩНИК РАЙОНА ВОЙКОВСКИЙ»,Северный ,232,80.0,102.44,50.0,97.5,2387463648
«ЖИЛИЩНИК РАЙОНА КАПОТНЯ»,Юго-Восточный ,77,80.0,102.44,44.0,97.54,2387463649
«КОМФОРТ ЭНД ЮЗАБИЛИТИ КОМПАНИ»,"[Западный , Центральный ]",10,80.0,100.0,46.0,99.96,2387463650
«СИТИ 24»,"[Северо-Западный , Центральный , Юго-Восточный ]",5,80.0,100.0,92.0,99.73,2387463651
«АЛЬФА-СЕРВИС»,"[Центральный , Юго-Восточный ]",8,80.0,100.0,50.0,99.96,2387463652
«ПИОНЕР-СЕРВИС КУТУЗОВСКИЙ»,Западный ,9,80.0,100.0,44.0,99.99,2387463654
«УПРАВЛЯЮЩАЯ КОМПАНИЯ ДУБРОВКА»,"[Новомосковский , Троицкий ]",8,80.0,100.0,44.0,99.99,2387463655
«РОЗМАРИН»,Юго-Западный ,2,80.0,100.0,50.0,99.96,2387463656
УПРАВЛЯЮЩАЯ КОМПАНИЯ «ФРЕШ»,Южный ,4,80.0,100.0,38.0,100.0,2387463657
«ЮНИНЕТСЕРВИС»,Западный ,4,80.0,100.0,50.0,99.95,2387463659
«СМАРТ СТОЛИЦА»,Северо-Западный ,1,80.0,100.0,50.0,99.96,2387463660
«УПРАВЛЯЮЩАЯ КОМПАНИЯ «ВНУКОВО СПОРТ ВИЛЛАДЖ»,"[Новомосковский , Троицкий ]",7,80.0,100.0,50.0,99.96,2387463661
«ЮНИ ПРЕМИУМ»,"[Западный , Центральный ]",3,80.0,100.0,79.0,99.81,2387463662
«МУЛЬТИСИСТЕМА СЕРВИС»,"[Северо-Восточный , Северо-Западный ]",2,80.0,100.0,50.0,99.95,2387463663
«КЭПИТАЛ ХАУС»,Центральный ,1,80.0,100.0,50.0,99.94,2387463664
«РЕЗИДЕНС МЕНЕДЖМЕНТ»,Западный ,1,80.0,100.0,50.0,99.94,2387463665
«ЭКСПЛУАТАЦИОННО-УПРАВЛЯЮЩАЯ КОМПАНИЯ «НАШ ДОМ»,"[Западный , Юго-Восточный , Юго-Западный ]",6,80.0,100.0,99.0,99.67,2387463666
«ИВ КОМ»,Западный ,3,80.0,100.0,50.0,99.93,2387463667
«БЬЕНГЕРЕР ГРУПП»,Центральный ,1,80.0,100.0,50.0,99.92,2387463668
«ЖИЛИЩНИК РАЙОНА КОТЛОВКА»,Юго-Западный ,230,80.0,102.26,49.0,97.65,2387463669
«РИК»,"[Новомосковский , Троицкий ]",27,80.0,100.0,34.0,99.98,2387463670
«УПРАВЛЯЮЩАЯ КОМПАНИЯ «ПРЕМЬЕР»,Северный ,1,80.0,100.0,33.0,99.98,2387463671
«УПРАВЛЯЮЩАЯ КОМПАНИЯ «ШТАТ 18»,Восточный ,2,80.0,100.0,50.0,99.91,2387463672
«ЖИЛИЩНИК РАЙОНА БРАТЕЕВО»,Южный ,83,80.0,100.81,75.0,98.93,2387463673
«ЖИЛИЩНИК НИЖЕГОРОДСКОГО РАЙОНА»,Юго-Восточный ,178,80.0,103.34,50.0,96.53,2387463674
«ЭКО-ЭКСПЛУАТАЦИЯ»,"[Западный , Северо-Восточный , Центральный , Южный ]",6,80.0,100.0,98.0,99.63,2387463675
ЗАКРЫТОЕ АКЦИОНЕРНОЕ ОБЩЕСТВО «ЭСТЕЙТ СЕРВИС ДИРЕКЦИЯ КУРКИНО СЕВЕРО-ЗАПАДНОГО АДМИНИСТРАТИВНОГО ОКРУГА»,Северо-Западный ,57,80.0,101.0,50.0,98.76,2387463676
«ЖИЛИЩНИК РАЙОНА ВНУКОВО»,Западный ,104,80.0,105.18,57.99999999999999,94.64,2387463677
«СМАРТ ЦЕНТР»,Центральный ,9,80.0,99.99,50.0,99.86,2387463678
«ЖИЛИЩНЫЙ СЕРВИС»,"[Северо-Западный , Новомосковский , Троицкий ]",20,80.0,100.0,94.0,99.64,2387463679
«СМАРТ СЕВЕР-ЗАПАД»,"[Северный , Северо-Западный ]",9,80.0,99.96,50.0,99.88,2387463680
«СЕРЕБРЯНЫЙ КЛЮЧ»,Западный ,2,80.0,99.74,75.0,99.98,2387463681
«ВЕСТА ЭСТЕЙТ»,Центральный ,1,80.0,100.0,50.0,99.86,2387463682
«ЖИЛИЩНИК РАЙОНА СЕВЕРНОЕ МЕДВЕДКОВО»,Северо-Восточный ,209,80.0,101.24,50.0,98.6,2387463683
«МСК-ГРУПП»,"[Северный , Северо-Западный , Юго-Восточный ]",6,80.0,100.0,100.0,99.58,2387463684
«ВЫСОТА-СЕРВИС»,"[Западный , Центральный , Юго-Восточный ]",5,80.0,100.0,25.0,99.94,2387463685
«ИВКО-2000« ЭКСПЛУАТАЦИЯ НЕДВИЖИМОСТИ»,"[Западный , Юго-Западный ]",6,80.0,100.0,50.0,99.83,2387463686
«УПРАВЛЯЮЩАЯ КОМПАНИЯ ПОЛЯНКА/44»,Центральный ,1,80.0,100.0,50.0,99.82,2387463687
«МОНАРХ-СЕРВИС»,"[Западный , Северо-Западный , Центральный ]",26,80.0,99.99,50.0,99.82,2387463688
«УПРАВЛЯЮЩАЯ КОМПАНИЯ СРЕДА»,Юго-Восточный ,4,80.0,99.93,50.0,99.88,2387463689
«МАСТЕРПРОФ»,"[Центральный , Южный ]",3,80.0,100.0,50.0,99.81,2387463690
«СВИТХОМ РЕГИОН»,"[Западный , Новомосковский , Троицкий , Южный ]",51,80.0,101.95,50.0,97.84,2387463691
«БОТАНИЧЕСКИЙ САД-1 СЕРВИС»,Северо-Восточный ,2,80.0,100.0,50.0,99.81,2387463692
«УК МАРКОВЕЙ»,Юго-Западный ,4,80.0,100.0,50.0,99.8,2387463693
«ФРИСЛАНД»,Центральный ,2,80.0,100.0,50.0,99.8,2387463694
«СУММА ТЕХНОЛОГИЙ»,"[Западный , Северо-Восточный ]",2,80.0,100.0,50.0,99.79,2387463695
«ДОМА СТОЛИЦЫ»,Южный ,1,80.0,100.0,50.0,99.81,2387463696
АКЦИОНЕРНОЕ ОБЩЕСТВО «ВПЕРЁД ДВЛ»,Центральный ,1,80.0,100.0,74.0,99.68,2387463697
«ЮНИСЕРВИС»,"[Восточный , Западный , Северо-Восточный , Северо-Западный , Центральный ]",28,80.0,100.0,89.0,99.57,2387463698
«СМАРТ ЗАПАД»,Западный ,3,80.0,99.96,50.0,99.81,2387463699
«ГУК»,Западный ,16,80.0,101.71,50.0,98.0,2387463700
«РИВЕР ПАРК ПРОПЕРТИ МЕНЕДЖМЕНТ»,Южный ,6,80.0,100.0,43.0,99.82,2387463701
АКЦИОНЕРНОЕ ОБЩЕСТВО «СПЕЦИАЛИЗИРОВАННОЕ ОТДЕЛОЧНОЕ УПРАВЛЕНИЕ № 2»,Западный ,4,80.0,100.0,31.0,99.86,2387463702
УПРАВЛЯЮЩАЯ КОМПАНИЯ «ЭЛИТА СЕРВИС»,Северный ,1,80.0,99.78,50.0,100.0,2387463703
«УПРАВЛЯЮЩАЯ КОМПАНИЯ ИНСАЙТ»,Западный ,1,80.0,100.0,50.0,99.78,2387463704
УПРАВЛЯЮЩАЯ КОМПАНИЯ «ДОМС»,"[Восточный , Западный , Северный , Северо-Восточный , Южный ]",29,80.0,100.0,94.0,99.53,2387463705
«СОЮЗ-МОСКОВСКИЙ»,"[Новомосковский , Троицкий ]",14,80.0,100.0,50.0,99.76,2387463706
«УПРАВЛЯЮЩАЯ КОМПАНИЯ ТИС1»,"[Новомосковский , Троицкий ]",5,80.0,100.0,50.0,99.75,2387463707
«УПРАВЛЯЮЩАЯ ЭКСПЛУАТАЦИОННАЯ КОМПАНИЯ»,"[Новомосковский , Троицкий ]",6,80.0,100.0,50.0,99.74,2387463708
«УПРАВЛЯЮЩАЯ КОМПАНИЯ «ФИЛИ-КУНЦЕВО-2»,Западный ,1,80.0,100.0,67.0,99.67,2387463709
УПРАВЛЯЮЩАЯ КОМПАНИЯ «ПРОМЕТЕЙ»,"[Новомосковский , Троицкий ]",5,80.0,100.0,50.0,99.74,2387463710
«ДОМКОМ»,"[Новомосковский , Троицкий ]",1,80.0,100.0,0.0,100.0,2387463711
«РЕСТАВРАЦИЯ-Н+»,Центральный ,4,79.99,100.0,0.0,99.98,2387463712
«УПРАВЛЯЮЩАЯ КОМПАНИЯ КОМФОРТ СИТИ»,"[Новомосковский , Троицкий ]",123,79.98,99.91,50.0,99.79,2387463713
«УПРАВЛЯЮЩАЯ КОМПАНИЯ ЖК СТРОГИНСКИЙ»,"[Северный , Северо-Западный ]",6,79.98,100.0,50.0,99.7,2387463714
«УПРАВЛЯЮЩАЯ КОМПАНИЯ «ИМПЕРСКИЙ ДОМ»,Центральный ,1,79.98,100.0,0.0,99.96,2387463715
«СМАРТ ВОСТОК»,"[Восточный , Юго-Восточный ]",11,79.97,99.78,50.0,99.89,2387463716
«ТСЖ СТОЛИЦА»,"[Восточный , Северный , Центральный , Южный , Юго-Западный ]",10,79.97,99.84,50.0,99.83,2387463717
«ВЕТЕР ПЕРЕМЕН»,"[Новомосковский , Троицкий ]",3,79.97,100.0,50.0,99.68,2387463718
«ЭДМАРТ»,Северо-Западный ,1,79.97,100.0,50.0,99.67,2387463719
«СДС»,Западный ,1,79.97,100.0,51.0,99.68,2387463720
«МОСКОВСКАЯ ИНЖЕНЕРНАЯ ГРУППА»,"[Восточный , Северо-Западный ]",4,79.96,100.0,88.0,99.45,2387463721
«УПРАВЛЯЮЩАЯ КОМПАНИЯ «КУЛЬТУРА»,Западный ,1,79.96,99.74,50.0,99.91,2387463722
«УПРАВЛЯЮЩАЯ КОМПАНИЯ АВТОГРАФ»,Северо-Восточный ,2,79.96,100.0,50.0,99.65,2387463723
«ЦЕППЕЛИН. ПРОПЕРТИ МЕНЕДЖМЕНТ»,Восточный ,1,79.96,100.0,0.0,99.9,2387463724
«СИТИ-СЕРВИС»,Северо-Восточный ,3,79.95,99.76,50.0,99.86,2387463725
«АКАДЕМСЕРВИС»,"[Новомосковский , Троицкий ]",7,79.95,100.0,50.0,99.62,2387463726
«КОНСТАНТА»,Восточный ,1,79.95,100.0,50.0,99.63,2387463727
«ТЕХНОСЕРВИС»,Восточный ,1,79.95,100.0,0.0,99.88,2387463728
«А101-КОМФОРТ»,"[Новомосковский , Троицкий ]",72,79.94,100.0,46.0,99.63,2387463729
«ПИОНЕР-СЕРВИС БОТАНИЧЕСКИЙ САД»,Северо-Восточный ,7,79.94,100.0,50.0,99.6,2387463730
«УК РЕСПЕКТ СЕРВИС»,"[Новомосковский , Троицкий ]",11,79.94,100.0,50.0,99.6,2387463731
«КОЛОКСА»,"[Новомосковский , Троицкий ]",4,79.94,100.0,50.0,99.6,2387463732
«ЖИЛИЩНИК РАЙОНА ВОСТОЧНОЕ ДЕГУНИНО»,Северный ,129,79.93,101.64,50.0,97.93,2387463733
«УПРАВЛЯЮЩАЯ КОМПАНИЯ МУНИЦИПАЛЬНОГО РАЙОНА «СОКОЛИНАЯ ГОРА»,Восточный ,164,79.93,102.24,50.0,97.33,2387463734
«УК «МИР МИТИНО»,Северо-Западный ,5,79.93,99.83,50.0,99.76,2387463735
УК «НОВАЯ ЗВЕЗДА»,"[Новомосковский , Троицкий ]",8,79.93,100.0,50.0,99.57,2387463736
«АЛЬТЕРНАТИВНЫЕ СИСТЕМЫ ДЕЛЮКС»,"[Западный , Северо-Западный , Юго-Восточный ]",3,79.93,100.0,50.0,99.58,2387463737
«РЕСПЕКТ КОМФОРТ»,"[Северо-Восточный , Северо-Западный ]",8,79.92,100.0,80.0,99.4,2387463738
«УК АДМИРАЛ»,"[Новомосковский , Троицкий ]",4,79.91,99.97,38.0,99.62,2387463739
«УПРАВЛЯЮЩАЯ КОМПАНИЯ «ВОСТОЧНЫЙ»,"[Новомосковский , Троицкий ]",1,79.91,100.0,50.0,99.52,2387463740
«ВРЕМЕНА ГОДА»,Северо-Восточный ,1,79.91,100.0,0.0,99.78,2387463741
«УПРАВЛЯЮЩАЯ КОМПАНИЯ ЖИЛИЩНИК СТОЛИЦА»,Южный ,6,79.9,99.9,50.0,99.59,2387463742
«ПИОНЕР-СЕРВИС КОМ»,Северо-Восточный ,1,79.9,100.0,50.0,99.5,2387463743
«НОВЫЕ ЭКСПЛУАТАЦИОННЫЕ ТЕХНОЛОГИИ»,Восточный ,5,79.89,99.28,93.0,99.98,2387463744
«УПРАВЛЯЮЩАЯ КОМПАНИЯ ГОВОРОВО»,"[Новомосковский , Троицкий ]",3,79.89,99.98,50.0,99.5,2387463745
УК «ДОМКОМ-ИЗУМРУД»,"[Новомосковский , Троицкий ]",29,79.89,100.0,94.0,99.26,2387463746
«УПРАВЛЯЮЩАЯ КОМПАНИЯ ДОМАШНИЙ»,Юго-Восточный ,5,79.88,99.56,40.0,99.94,2387463747
«УК АЛЬЯНС»,"[Новомосковский , Троицкий ]",4,79.88,99.95,50.0,99.49,2387463748
«ЭТАЛОН-ПРОГРЕСС»,"[Северный , Центральный ]",2,79.88,100.0,50.0,99.45,2387463749
«ПРЕМЬЕР СИТИ»,Северо-Западный ,1,79.88,102.0,50.0,97.46,2387463750
«СИСТЕМА ПЛЮС»,"[Западный , Южный ]",11,79.87,99.57,50.0,99.84,2387463751
«ГИЛЬДИЯ МАСТЕРОВ»,"[Новомосковский , Троицкий ]",2,79.87,100.0,50.0,99.42,2387463752
«ДИРЕКЦИЯ ПО УПРАВЛЕНИЮ МНОГОКВАРТИРНЫМИ ДОМАМИ»,"[Новомосковский , Троицкий ]",29,79.86,100.0,91.0,99.19,2387463753
«УПРАВЛЯЮЩАЯ КОМПАНИЯ ТЕРМОИНЖСЕРВИС»,"[Новомосковский , Троицкий ]",10,79.86,100.0,50.0,99.41,2387463754
«ИНФАНТА+»,"[Новомосковский , Троицкий ]",24,79.86,104.0,99.0,95.16,2387463755
«МАКС-XXI»,Северный ,32,79.85,102.0,50.0,97.29,2387463756
«НВ-СЕРВИС»,"[Новомосковский , Троицкий ]",108,79.84,100.0,50.0,99.35,2387463757
«УПРАВЛЯЮЩАЯ КОМПАНИЯ «ЖИЛИЩЕ»,"[Северо-Западный , Юго-Восточный ]",14,79.84,99.58,100.0,99.53,2387463758
«ГАРДЕН ПАРК»,"[Новомосковский , Троицкий ]",7,79.84,100.0,50.0,99.36,2387463759
«ОПЕРАТОР ЖКХ»,"[Центральный , Юго-Восточный ]",2,79.84,100.0,68.0,99.26,2387463760
«ЖИЛИЩНИК РАЙОНА ТРОПАРЕВО-НИКУЛИНО»,Западный ,86,79.83,102.0,48.0,97.33,2387463761
УПРАВЛЯЮЩАЯ КОМПАНИЯ «ЮЖНОЕ МЕДВЕДКОВО»,Северо-Восточный ,7,79.83,101.17,0.0,98.41,2387463762
«ЖИЛИЩНИК РАЙОНА ЮЖНОЕ БУТОВО»,Юго-Западный ,379,79.82,100.13,50.0,99.17,2387463763
«УПРАВЛЯЮЩАЯ КОМПАНИЯ «ЛАЙФ-СЕРВИС»,Юго-Западный ,3,79.81,100.0,50.0,99.28,2387463764
«СИТИ ЛИДЕР»,Южный ,13,79.79,99.0,82.0,99.97,2387463765
«ГАРАНТ-РЭСО. ЮГО-ЗАПАД»,"[Западный , Юго-Западный ]",5,79.79,99.26,50.0,99.97,2387463766
«ЖИЛИЩНАЯ УПРАВЛЯЮЩАЯ КОМПАНИЯ»,"[Новомосковский , Троицкий ]",4,79.79,100.0,50.0,99.23,2387463767
«ЖИЛИЩНИК ОБРУЧЕВСКОГО РАЙОНА»,Юго-Западный ,117,79.78,101.0,49.0,98.18,2387463768
«УПРАВЛЯЮЩАЯ КОМПАНИЯ ГЛОБУС»,"[Новомосковский , Троицкий ]",23,79.78,99.89,47.0,99.34,2387463769
«ГАЛЕКС»,Юго-Восточный ,6,79.78,99.27,94.0,99.72,2387463770
«ТРОЙКА-СЕРВИС»,Западный ,1,79.77,100.0,92.0,98.97,2387463771
«УПРАВЛЯЮЩАЯ КОМПАНИЯ «ЖИЛФОНД»,Восточный ,36,79.76,100.8,50.0,98.36,2387463772
«ХАУСМАСТЕР24»,"[Новомосковский , Троицкий ]",9,79.76,99.96,50.0,99.2,2387463773
«УПРАВЛЯЮЩАЯ КОМПАНИЯ «НИКА»,"[Центральный , Юго-Западный ]",3,79.76,100.0,59.0,99.1,2387463774
«ГРАНДСТРОЙПРОЕКТ»,Западный ,1,79.76,106.0,64.0,93.0,2387463775
АКЦИОНЕРНОЕ ОБЩЕСТВО УПРАВЛЯЮЩАЯ КОМПАНИЯ «ПРОДВИЖЕНИЕ»,"[Западный , Южный , Юго-Восточный ]",16,79.75,100.0,100.0,98.87,2387463776
«УПРАВЛЯЮЩАЯ КОМПАНИЯ НОВАЯ ТЕРРИТОРИЯ»,"[Новомосковский , Троицкий ]",19,79.75,104.0,50.0,95.12,2387463777
«УПРАВЛЯЮЩАЯ КОМПАНИЯ РИТЦ СЕРВИС»,Южный ,1,79.74,99.2,50.0,99.9,2387463778
«УК-ИНЖИНИРИНГ»,Северный ,2,79.74,99.7,33.0,99.48,2387463779
«ГАРАНТ»,"[Новомосковский , Троицкий ]",56,79.73,104.0,71.0,94.97,2387463780
«СТРОЙСИТИ»,Центральный ,1,79.73,100.0,83.0,98.91,2387463781
«УПРАВЛЯЮЩАЯ КОМПАНИЯ ТАТЬЯНИН ПАРК»,"[Новомосковский , Троицкий ]",14,79.72,100.0,50.0,99.0,2387463783
«ДИРЕКЦИЯ ПО ЭКСПЛУАТАЦИИ ГОРОДСКИХ КОМПЛЕКСОВ»,Западный ,3,79.72,99.36,100.0,99.43,2387463786
«ЖИЛИЩНИК РАЙОНА ПРОСПЕКТ ВЕРНАДСКОГО»,Западный ,124,79.71,102.68,99.0,96.1,2387463787
«ЖИЛИЩНИК РАЙОНА СВИБЛОВО»,Северо-Восточный ,42,79.71,102.17,48.0,96.86,2387463788
«ПИОНЕР-СЕРВИС МИТИНО-ПАРК»,Северо-Западный ,4,79.71,99.4,50.0,99.63,2387463789
МУНИЦИПАЛЬНОЕ УНИТАРНОЕ ПРЕДПРИЯТИЕ «УПРАВЛЯЮЩАЯ КОМПАНИЯ ЖИЛИЩНО-КОММУНАЛЬНОГО ХОЗЯЙСТВА И БЛАГОУСТРОЙСТВА ПОСЕЛЕНИЯ МОСРЕНТГЕН»,"[Новомосковский , Троицкий ]",8,79.71,108.0,12.0,91.21,2387463790
«УПРАВЛЯЮЩАЯ КОМПАНИЯ ЛИРАХАУЗ 24»,"[Новомосковский , Троицкий ]",1,79.7,100.0,50.0,99.0,2387463791
«ЖИЛИЩНИК РАЙОНА КРЫЛАТСКОЕ»,Западный ,63,79.69,101.48,50.0,97.51,2387463792
«УПРАВЛЯЮЩАЯ КОМПАНИЯ «ОРИОН»,"[Западный , Северный , Новомосковский , Троицкий , Центральный ]",23,79.68,99.27,96.0,99.45,2387463793
«ЦЕНТР СОПРОВОЖДЕНИЯ ПРОГРАММ»,"[Новомосковский , Троицкий ]",54,79.67,100.0,45.0,98.96,2387463794
НЕПУБЛИЧНОЕ АКЦИОНЕРНОЕ ОБЩЕСТВО «ЖИЛИЩНИК НОВОМОСКОВСКИЙ»,"[Новомосковский , Троицкий ]",22,79.66,100.0,0.0,99.15,2387463795
«УПРАВЛЯЮЩАЯ КОМПАНИЯ «ЖИЛСЕРВИС-РОДНИКИ»,"[Новомосковский , Троицкий ]",5,79.64,100.0,50.0,98.86,2387463796
«УПРАВЛЯЮЩАЯ КОМПАНИЯ СИРИУС»,"[Северо-Восточный , Новомосковский , Троицкий ]",6,79.63,99.4,38.0,99.48,2387463797
УПРАВЛЯЮЩАЯ КОМПАНИЯ «СД СЕРВИС»,"[Новомосковский , Троицкий ]",16,79.62,104.0,0.0,95.0,2387463798
«ЖИЛИЩНИК ДМИТРОВСКОГО РАЙОНА»,Северный ,200,79.61,100.65,49.0,98.12,2387463799
«ЖИЛИЩНИК РАЙОНА БИРЮЛЕВО ЗАПАДНОЕ»,Южный ,128,79.57,100.68,50.0,97.99,2387463800
УК «УЮТНЫЙ КВАРТАЛ»,Северо-Западный ,6,79.56,98.82,50.0,99.82,2387463801
«УПРАВЛЯЮЩАЯ КОМПАНИЯ «МАСТЕР ЖКХ»,Юго-Восточный ,29,79.55,98.89,99.0,99.5,2387463802
«ЖИЛИЩНИК РАЙОНА ВОСТОЧНЫЙ»,Восточный ,60,79.55,108.0,48.0,90.61,2387463803
«УПРАВЛЯЮЩАЯ КОМПАНИЯ «СПУТНИК ЛАЙФ»,"[Новомосковский , Троицкий ]",9,79.52,100.0,100.0,98.29,2387463804
«УПРАВЛЯЮЩАЯ КОМПАНИЯ «ОТДЕЛСТРОЙКОНТРАКТ»,Южный ,2,79.51,98.64,50.0,99.9,2387463805
«ЖИЛИЩНИК РАЙОНА СЕВЕРНЫЙ»,Северо-Восточный ,51,79.5,99.94,50.0,98.55,2387463806
«ПЛАТАН»,Центральный ,1,79.5,100.0,50.0,98.49,2387463807
«САМОЛЕТ-СЕРВИС»,"[Новомосковский , Троицкий , Юго-Восточный ]",28,79.48,99.92,49.0,98.53,2387463808
«ВОСТОК-ЮНИОН»,Юго-Восточный ,2,79.48,98.63,50.0,99.82,2387463809
«ЖИЛИЩНИК РАЙОНА МАРЬИНО»,Юго-Восточный ,183,79.45,99.34,72.0,98.91,2387463810
АКЦИОНЕРНОЕ ОБЩЕСТВО «ВК КОМФОРТ»,"[Восточный , Западный , Северный , Северо-Восточный , Новомосковский , Троицкий , Южный , Юго-Восточный , Юго-Западный ]",90,79.45,98.78,50.0,99.58,2387463811
«ЖИЛИЩНИК РАЙОНА НЕКРАСОВКА»,Юго-Восточный ,45,79.45,99.52,50.0,98.86,2387463812
УПРАВЛЯЮЩАЯ КОМПАНИЯ «ЧЕТЫРЕ СОЛНЦА»,"[Новомосковский , Троицкий , Юго-Восточный ]",26,79.45,98.83,89.0,99.35,2387463813
«ЖИЛИЩНИК МОЛЖАНИНОВСКОГО РАЙОНА»,Северный ,11,79.44,100.31,96.0,97.82,2387463814
«УК ВИТЯЗЬ»,"[Западный , Северо-Восточный , Новомосковский , Троицкий , Юго-Восточный ]",35,79.42,98.57,44.0,99.77,2387463815
«СКИФ ИНЖИНИРИНГ»,Центральный ,1,79.42,100.0,50.0,98.29,2387463816
«УПРАВЛЕНИЕ И ЭКСПЛУАТАЦИЯ НЕДВИЖИМОСТИ «ЭТАЛОН»,"[Восточный , Северный , Северо-Восточный , Центральный , Юго-Западный ]",17,79.41,98.53,50.0,99.75,2387463817
«ГРАНЕЛЬЖКХ»,"[Новомосковский , Троицкий ]",5,79.41,100.0,50.0,98.28,2387463818
«БРЕСТРОП»,"[Западный , Северный , Северо-Восточный ]",7,79.4,100.0,0.0,98.49,2387463819
«УПРАВДОМ ТИНАО»,"[Новомосковский , Троицкий ]",24,79.39,100.0,50.0,98.23,2387463820
«ЖИЛИЩНИК РАЙОНА СЕВЕРНОЕ БУТОВО»,Юго-Западный ,50,79.38,100.81,75.0,97.25,2387463821
«УПРАВЛЯЮЩАЯ КОМПАНИЯ «ЕВРОГОРОД»,Северный ,6,79.36,98.41,50.0,99.74,2387463822
ЗАКРЫТОЕ АКЦИОНЕРНОЕ ОБЩЕСТВО «СТРОЙИНВЕСТ»,Центральный ,1,79.36,100.0,0.0,98.41,2387463823
«ДЭЗИС»,"[Северо-Западный , Новомосковский , Троицкий ]",76,79.35,99.93,47.0,98.21,2387463824
«ЖИЛИЩНИК РАЙОНА ЮЖНОПОРТОВЫЙ»,Юго-Восточный ,191,79.32,100.37,50.0,97.67,2387463825
«ЖИЛИЩНИК РАЙОНА ЛЕФОРТОВО»,Юго-Восточный ,237,79.32,100.44,50.0,97.6,2387463826
«СОЛЯРИС»,Юго-Западный ,1,79.32,102.0,0.0,96.31,2387463827
«МД СЕРВИС»,"[Западный , Северо-Восточный ]",2,79.29,97.99,96.0,99.75,2387463828
«ДЕЗ-СТОЛИЦА»,Юго-Восточный ,16,79.28,98.34,91.0,99.4,2387463829
«ЖИЛИЩНИК РАЙОНА ЛЕВОБЕРЕЖНЫЙ»,Северный ,32,79.28,100.53,50.0,97.42,2387463830
«АВЕНТА ИНЖИНИРИНГ»,Юго-Западный ,1,79.26,100.0,50.0,97.9,2387463831
«НАШ ДОМ ПИК-КОМФОРТ»,"[Западный , Зеленоградский , Северо-Восточный , Новомосковский , Троицкий , Юго-Западный ]",22,79.25,98.44,52.0,99.44,2387463832
«ДОМ-СЕРВИС»,"[Новомосковский , Троицкий ]",90,79.25,100.0,97.0,97.65,2387463833
«ЖИЛИЩНИК БЕСКУДНИКОВСКОГО РАЙОНА»,Северный ,135,79.22,98.95,48.0,98.86,2387463834
«СХОДНЕНСКАЯ-1»,Северо-Западный ,5,79.21,100.0,0.0,98.0,2387463835
«УПРАВЛЯЮЩАЯ КОМПАНИЯ РАЙОНА «БЕСКУДНИКОВСКИЙ»,Северный ,28,79.2,99.62,88.0,97.95,2387463836
«УПРАВЛЯЮЩАЯ ОРГАНИЗАЦИЯ МИКРОРАЙОНА «РОДНИКИ»,"[Новомосковский , Троицкий ]",5,79.18,100.0,50.0,97.7,2387463837
«ЭКСПЕРТ-СЕРВИС»,"[Северный , Северо-Восточный , Северо-Западный , Новомосковский , Троицкий ]",21,79.17,98.55,50.0,99.12,2387463838
«АТЛАС»,"[Зеленоградский , Северный , Северо-Восточный , Южный ]",5,79.17,99.83,46.0,97.86,2387463839
ЗАКРЫТОЕ АКЦИОНЕРНОЕ ОБЩЕСТВО «УПРАВЛЯЮЩАЯ КОМПАНИЯ ДИРЕКЦИЯ ЕДИНОГО ЗАКАЗЧИКА КРАСНОСЕЛЬСКОГО РАЙОНА»,Центральный ,3,79.16,101.45,15.0,96.39,2387463840
«ЛАЙФ-БОТАНИЧЕСКИЙ САД»,Северо-Восточный ,1,79.15,100.0,50.0,97.62,2387463841
ГРУППА КОМПАНИЙ «ДОС»,"[Зеленоградский , Юго-Восточный ]",7,79.14,100.0,50.0,97.59,2387463842
«ВСЕ РАБОТАЕТ»,Южный ,1,79.14,100.0,50.0,97.59,2387463843
«ЭКСЖИЛ»,Юго-Восточный ,42,79.0,98.44,89.0,98.79,2387463844
«ВОЛЖСКАЯ-1»,Юго-Восточный ,7,79.0,97.44,50.0,99.98,2387463845
«ЖИЛИЩНИК БАБУШКИНСКОГО РАЙОНА»,Северо-Восточный ,105,79.0,100.27,49.0,97.0,2387463846
«ПРОФСЕРВИС»,Северо-Восточный ,1,79.0,104.0,50.0,93.32,2387463847
«ЖИЛИЩНИК РАЙОНА СЕВЕРНОЕ ИЗМАЙЛОВО»,Восточный ,273,78.95,99.76,74.0,97.25,2387463848
«УПРАВЛЯЮЩАЯ КОМПАНИЯ «СПРУТ»,Южный ,1,78.95,100.0,59.0,97.0,2387463849
«МИТИНО-1»,Северо-Западный ,2,78.94,98.67,50.0,98.44,2387463850
«УПРАВЛЯЮЩАЯ КОМПАНИЯ АРБАТ»,Центральный ,1,78.9,110.0,57.99999999999999,86.96,2387463851
«СЕРВИССТРОЙЭКСПЛУАТАЦИЯ»,Южный ,1,78.86,100.0,0.0,97.15,2387463852
«УК МЕДИАН»,"[Западный , Северный ]",6,78.81,96.77,90.0,99.81,2387463853
УПРАВЛЯЮЩАЯ КОМПАНИЯ «ПЕРСПЕКТИВА»,Юго-Восточный ,6,78.72,97.28,50.0,99.26,2387463854
«ЖИЛИЩНИК РАЙОНА РОСТОКИНО»,Северо-Восточный ,132,78.69,99.92,48.0,96.57,2387463855
«УПРАВЛЯЮЩАЯ КОМПАНИЯ «ЭНЕРГОАУДИТ»,"[Новомосковский , Троицкий ]",6,78.64,104.0,89.0,92.15,2387463856
УПРАВЛЯЮЩАЯ КОМПАНИЯ «АТРИУМ»,"[Новомосковский , Троицкий ]",98,78.61,99.99,48.0,96.29,2387463857
«УПРАВЛЯЮЩАЯ КОМПАНИЯ ЕДИНСТВО»,Юго-Восточный ,9,78.59,96.75,100.0,99.24,2387463858
«УК ОКТЯБРЬ»,Юго-Восточный ,10,78.54,96.51,75.0,99.46,2387463859
«ЖИЛИЩНИК РАЙОНА КУЗЬМИНКИ»,Юго-Восточный ,313,78.4,98.11,49.0,97.65,2387463860
«ЖИЛИЩНИК РАЙОНА ЮЖНОЕ МЕДВЕДКОВО»,Северо-Восточный ,127,78.39,97.97,50.0,97.75,2387463861
«ДОМОПРАВИТЕЛЬ»,"[Новомосковский , Троицкий ]",1,78.38,100.0,0.0,95.94,2387463862
«ЖИЛЦЕНТР»,"[Южный , Юго-Восточный , Юго-Западный ]",23,78.36,96.78,50.0,98.87,2387463863
«УПРАВЛЯЮЩАЯ КОМПАНИЯ «ПРЕИМУЩЕСТВО»,"[Западный , Южный ]",22,78.29,96.4,48.0,99.0,2387463864
«ЖИЛКОМСЕРВИСПЛЮС»,Восточный ,2,78.29,96.18,50.0,99.3,2387463865
УПРАВЛЯЮЩАЯ КОМПАНИЯ «УЮТ»,Зеленоградский ,3,78.22,100.0,50.0,95.29,2387463866
«ЖИЛИЩНИК РАЙОНА АЭРОПОРТ»,Северный ,176,78.18,97.91,50.0,97.29,2387463867
«УК ГРАНД»,Южный ,2,78.12,95.52,0.0,99.78,2387463868
«СТРИВЕР»,"[Новомосковский , Троицкий ]",2,78.12,100.0,50.0,95.0,2387463869
«УПРАВЛЯЮЩАЯ КОМПАНИЯ ИНФОРМАТ»,Северо-Восточный ,17,77.81,94.79,47.0,99.5,2387463870
«УПРАВЛЯЮЩАЯ КОМПАНИЯ ОБЩЕЕ ДЕЛО»,"[Западный , Северный ]",7,77.75,98.0,0.0,96.38,2387463871
«УК СТАНДАРТ КАЧЕСТВА»,Северный ,3,77.43,100.0,0.0,93.57,2387463872
«УПРАВЛЯЮЩАЯ КОМПАНИЯ «СТОЛИЧНИК»,"[Восточный , Южный ]",2,77.29,100.0,0.0,93.23,2387463873
«УПРАВЛЯЮЩАЯ КОМПАНИЯ АЙЭМ»,Центральный ,1,77.0,100.0,50.0,92.28,2387463874
«ЖИЛКОМУПРАВЛЕНИЕ»,"[Новомосковский , Троицкий ]",4,76.91,104.0,91.0,87.82,2387463875
УПРАВЛЯЮЩАЯ КОМПАНИЯ «ЗЕЛСИТИ КОМФОРТ»,Зеленоградский ,1,76.22,91.41,43.0,98.92,2387463876
«КОМПЛЕКСНЫЙ СЕРВИС»,"[Новомосковский , Троицкий ]",26,75.58,100.0,28.999999999999996,88.81,2387463877
«КАХОВКА-АРЕМЭКС»,Западный ,2,75.38,110.0,0.0,78.45,2387463878
«УПРАВЛЯЮЩАЯ КОМПАНИЯ СТРОЙЖИЛПРОФИ»,Западный ,2,75.32,95.67,50.0,92.39,2387463879
«КОММУНАЛЬНЫЙ СЕРВИС»,Западный ,16,75.24,88.23,41.0,99.66,2387463880
«УК РОМОС»,"[Новомосковский , Троицкий ]",2,73.95,102.0,17.0,82.8,2387463881
«БЭСТ СЕРВИС»,Южный ,1,73.44,99.68,50.0,83.68,2387463882
АКЦИОНЕРНОЕ ОБЩЕСТВО «УПРАВЛЯЮЩАЯ КОМПАНИЯ ГОЛЬЯНОВО»,Восточный ,4,73.33,90.0,0.0,93.25,2387463883
«ЛЮКС СЕРВИС»,Северо-Восточный ,1,69.38,100.0,50.0,73.2,2387463884
«ТЕХНИЧЕСКАЯ ЭКСПЛУАТАЦИОННАЯ КОМПАНИЯ - ДОМ»,Северо-Западный ,1,66.11,100.0,0.0,65.28,2387463885
ФЕДЕРАЛЬНОЕ ГОСУДАРСТВЕННОЕ БЮДЖЕТНОЕ УЧРЕЖДЕНИЕ «ЦЕНТРАЛЬНОЕ ЖИЛИЩНО-КОММУНАЛЬНОЕ УПРАВЛЕНИЕ» МИНИСТЕРСТВА ОБОРОНЫ РОССИЙСКОЙ ФЕДЕРАЦИИ,Центральный ,1,46.85,110.0,0.0,7.13,2387463886
«УК РЕМКОМПЛЕКТСТРОЙ»,Восточный ,1,14.28,0.0,0.0,35.7,2387463887
